PROVINCIA_CODIGO,NOMBRE_PROVINCIA,CANTON_CODIGO,CANTON_NOMBRE,PARROQUIA_CODIGO_OLD,PARROQUIA_CODIGO,PARROQUIA_NOMBRE
EC01,AZUAY,EC0115,CAMILO PONCE ENRIQUEZ,6875.0,EC011550,CAMILO PONCE ENRIQUEZ
EC01,AZUAY,EC0111,CHORDELEG,6435.0,EC011150,CHORDELEG
EC01,AZUAY,EC0111,CHORDELEG,1535.0,EC011152,LA UNION
EC01,AZUAY,EC0111,CHORDELEG,1585.0,EC011153,LUIS GALARZA ORELLANA
EC01,AZUAY,EC0111,CHORDELEG,2950.0,EC011151,PRINCIPAL
EC01,AZUAY,EC0111,CHORDELEG,1575.0,EC011154,SAN MARTIN DE PUZHIO
EC01,AZUAY,EC0101,CUENCA,285.0,EC010151,BANOS
EC01,AZUAY,EC0101,CUENCA,5075.0,EC010101,BELLAVISTA
EC01,AZUAY,EC0101,CUENCA,5080.0,EC010102,CANARIBAMBA
EC01,AZUAY,EC0101,CUENCA,845.0,EC010153,CHAUCHA
EC01,AZUAY,EC0101,CUENCA,860.0,EC010154,CHECA
EC01,AZUAY,EC0101,CUENCA,905.0,EC010155,CHIQUINTAD
EC01,AZUAY,EC0101,CUENCA,730.0,EC010152,CUMBE
EC01,AZUAY,EC0101,CUENCA,5135.0,EC010103,EL BATAN
EC01,AZUAY,EC0101,CUENCA,5905.0,EC010104,EL SAGRARIO
EC01,AZUAY,EC0101,CUENCA,5330.0,EC010105,EL VECINO
EC01,AZUAY,EC0101,CUENCA,5875.0,EC010106,GIL RAMIREZ DAVALOS
EC01,AZUAY,EC0101,CUENCA,6865.0,EC010115,HERMANO MIGUEL
EC01,AZUAY,EC0101,CUENCA,5450.0,EC010107,HUAYNACAPAC
EC01,AZUAY,EC0101,CUENCA,2255.0,EC010156,LLACAO
EC01,AZUAY,EC0101,CUENCA,5140.0,EC010108,MACHANGARA
EC01,AZUAY,EC0101,CUENCA,2430.0,EC010157,MOLLETURO
EC01,AZUAY,EC0101,CUENCA,5290.0,EC010109,MONAY
EC01,AZUAY,EC0101,CUENCA,2570.0,EC010158,NULTI
EC01,AZUAY,EC0101,CUENCA,2595.0,EC010159,OCTAVIO CORDERO PALACIOS
EC01,AZUAY,EC0101,CUENCA,2680.0,EC010160,PACCHA
EC01,AZUAY,EC0101,CUENCA,3105.0,EC010161,QUINGEO
EC01,AZUAY,EC0101,CUENCA,3165.0,EC010162,RICAURTE
EC01,AZUAY,EC0101,CUENCA,5930.0,EC010110,SAN BLAS
EC01,AZUAY,EC0101,CUENCA,3460.0,EC010163,SAN JOAQUIN
EC01,AZUAY,EC0101,CUENCA,6010.0,EC010111,SAN SEBASTIAN
EC01,AZUAY,EC0101,CUENCA,3685.0,EC010164,SANTA ANA
EC01,AZUAY,EC0101,CUENCA,3795.0,EC010165,SAYAUSI
EC01,AZUAY,EC0101,CUENCA,3850.0,EC010166,SIDCAY
EC01,AZUAY,EC0101,CUENCA,3870.0,EC010167,SININCAY
EC01,AZUAY,EC0101,CUENCA,6090.0,EC010112,SUCRE
EC01,AZUAY,EC0101,CUENCA,3980.0,EC010168,TARQUI
EC01,AZUAY,EC0101,CUENCA,5360.0,EC010113,TOTORACOCHA 
EC01,AZUAY,EC0101,CUENCA,4095.0,EC010169,TURI
EC01,AZUAY,EC0101,CUENCA,4200.0,EC010170,VALLE
EC01,AZUAY,EC0101,CUENCA,4225.0,EC010171,VICTORIA DEL PORTETE
EC01,AZUAY,EC0101,CUENCA,5370.0,EC010114,YANUNCAY
EC01,AZUAY,EC0112,EL PAN,6485.0,EC011250,EL PAN
EC01,AZUAY,EC0112,EL PAN,1650.0,EC011253,SAN VICENTE
EC01,AZUAY,EC0102,GIRON,5395.0,EC010250,GIRON
EC01,AZUAY,EC0102,GIRON,175.0,EC010251,LA ASUNCION
EC01,AZUAY,EC0102,GIRON,885.0,EC010252,SAN GERARDO
EC01,AZUAY,EC0114,GUACHAPALA,6615.0,EC011450,GUACHAPALA
EC01,AZUAY,EC0103,GUALACEO,1005.0,EC010352,DANIEL CORDOVA TORAL
EC01,AZUAY,EC0103,GUALACEO,5420.0,EC010350,GUALACEO
EC01,AZUAY,EC0103,GUALACEO,1805.0,EC010353,JADAN
EC01,AZUAY,EC0103,GUALACEO,1760.0,EC010359,LUIS CORDERO VEGA
EC01,AZUAY,EC0103,GUALACEO,2385.0,EC010354,MARIANO MORENO
EC01,AZUAY,EC0103,GUALACEO,3160.0,EC010356,REMIGIO CRESPO TORAL
EC01,AZUAY,EC0103,GUALACEO,3505.0,EC010357,SAN JUAN
EC01,AZUAY,EC0103,GUALACEO,3780.0,EC010360,SIMON BOLIVAR
EC01,AZUAY,EC0103,GUALACEO,4340.0,EC010358,ZHIDMAD
EC01,AZUAY,EC0104,NABON,575.0,EC010451,COCHAPATA
EC01,AZUAY,EC0104,NABON,1175.0,EC010452,EL PROGRESO
EC01,AZUAY,EC0104,NABON,2550.0,EC010453,LAS NIEVES
EC01,AZUAY,EC0104,NABON,6595.0,EC010450,NABON
EC01,AZUAY,EC0110,ONA,6360.0,EC011050,SAN FELIPE DE ONA
EC01,AZUAY,EC0110,ONA,1540.0,EC011051,SUSUDEL
EC01,AZUAY,EC0105,PAUTE,395.0,EC010552,BULAN
EC01,AZUAY,EC0105,PAUTE,870.0,EC010553,CHICAN
EC01,AZUAY,EC0105,PAUTE,890.0,EC010562,DUG DUG
EC01,AZUAY,EC0105,PAUTE,4565.0,EC010554,EL CABO
EC01,AZUAY,EC0105,PAUTE,1455.0,EC010556,GUARAINAG
EC01,AZUAY,EC0105,PAUTE,5775.0,EC010550,PAUTE
EC01,AZUAY,EC0105,PAUTE,3375.0,EC010559,SAN CRISTOBAL
EC01,AZUAY,EC0105,PAUTE,4050.0,EC010561,TOMEBAMBA
EC01,AZUAY,EC0106,PUCARA,5690.0,EC010650,PUCARA
EC01,AZUAY,EC0106,PUCARA,1690.0,EC010652,SAN RAFAEL DE SHARUG
EC01,AZUAY,EC0107,SAN FERNANDO,4560.0,EC010751,CHUMBLIN
EC01,AZUAY,EC0107,SAN FERNANDO,6565.0,EC010750,SAN FERNANDO
EC01,AZUAY,EC0108,SANTA ISABEL,15.0,EC010851,ABDON CALDERON
EC01,AZUAY,EC0108,SANTA ISABEL,1130.0,EC010852,EL CARMEN DE PIJILI
EC01,AZUAY,EC0108,SANTA ISABEL,4610.0,EC010854,SAN SALVADOR DE CANARIBAMBA
EC01,AZUAY,EC0108,SANTA ISABEL,6045.0,EC010850,SANTA ISABEL
EC01,AZUAY,EC0108,SANTA ISABEL,3835.0,EC010853,SHAGLLI
EC01,AZUAY,EC0113,SEVILLA DE ORO,85.0,EC011351,AMALUZA
EC01,AZUAY,EC0113,SEVILLA DE ORO,2725.0,EC011352,PALMAS
EC01,AZUAY,EC0113,SEVILLA DE ORO,6480.0,EC011350,SEVILLA DE ORO
EC01,AZUAY,EC0109,SIGSIG,750.0,EC010951,CUCHIL
EC01,AZUAY,EC0109,SIGSIG,1490.0,EC010953,GUEL
EC01,AZUAY,EC0109,SIGSIG,1355.0,EC010952,JIMA
EC01,AZUAY,EC0109,SIGSIG,2215.0,EC010954,LUDO
EC01,AZUAY,EC0109,SIGSIG,3360.0,EC010955,SAN BARTOLOME
EC01,AZUAY,EC0109,SIGSIG,3495.0,EC010956,SAN JOSE DE RARANGA
EC01,AZUAY,EC0109,SIGSIG,6085.0,EC010950,SIGSIG
EC02,BOLIVAR,EC0206,CALUMA,6340.0,EC020650,CALUMA
EC02,BOLIVAR,EC0202,CHILLANES,5245.0,EC020250,CHILLANES
EC02,BOLIVAR,EC0202,CHILLANES,3500.0,EC020251,SAN JOSE DEL TAMBO
EC02,BOLIVAR,EC0203,CHIMBO,170.0,EC020351,ASUNCION
EC02,BOLIVAR,EC0203,CHIMBO,2315.0,EC020353,LA MAGDALENA
EC02,BOLIVAR,EC0203,CHIMBO,5975.0,EC020350,SAN JOSE DE CHIMBO
EC02,BOLIVAR,EC0203,CHIMBO,3655.0,EC020354,SAN SEBASTIAN
EC02,BOLIVAR,EC0203,CHIMBO,3995.0,EC020355,TELIMBELA
EC02,BOLIVAR,EC0204,ECHEANDIA,5350.0,EC020450,ECHEANDIA
EC02,BOLIVAR,EC0201,GUARANDA,5035.0,EC020101,ANGEL POLIBIO CHAVES
EC02,BOLIVAR,EC0201,GUARANDA,1255.0,EC020151,FACUNDO VELA
EC02,BOLIVAR,EC0201,GUARANDA,5375.0,EC020102,GABRIEL IGNACIO VEINTIMILLA
EC02,BOLIVAR,EC0201,GUARANDA,6630.0,EC020103,GUANUJO
EC02,BOLIVAR,EC0201,GUARANDA,1890.0,EC020153,JULIO E. MORENO
EC02,BOLIVAR,EC0201,GUARANDA,3285.0,EC020155,SALINAS
EC02,BOLIVAR,EC0201,GUARANDA,3545.0,EC020156,SAN LORENZO
EC02,BOLIVAR,EC0201,GUARANDA,795.0,EC020160,SAN LUIS DE PAMBIL
EC02,BOLIVAR,EC0201,GUARANDA,3670.0,EC020157,SAN SIMON
EC02,BOLIVAR,EC0201,GUARANDA,3710.0,EC020158,SANTA FE
EC02,BOLIVAR,EC0201,GUARANDA,3860.0,EC020159,SIMIATUG
EC02,BOLIVAR,EC0207,LAS NAVES,6475.0,EC020701,LAS MERCEDES
EC02,BOLIVAR,EC0207,LAS NAVES,6470.0,EC020702,LAS NAVES
EC02,BOLIVAR,EC0205,SAN MIGUEL,275.0,EC020551,BALSAPAMBA
EC02,BOLIVAR,EC0205,SAN MIGUEL,345.0,EC020552,BILOVAN
EC02,BOLIVAR,EC0205,SAN MIGUEL,4515.0,EC020553,REGULO DE MORA
EC02,BOLIVAR,EC0205,SAN MIGUEL,5995.0,EC020550,SAN MIGUEL
EC02,BOLIVAR,EC0205,SAN MIGUEL,3595.0,EC020554,SAN PABLO
EC02,BOLIVAR,EC0205,SAN MIGUEL,3900.0,EC020556,SAN VICENTE
EC02,BOLIVAR,EC0205,SAN MIGUEL,3775.0,EC020555,SANTIAGO
EC03,CANAR,EC0301,AZOGUES,6845.0,EC030101,AURELIO BAYAS MARTINEZ
EC03,CANAR,EC0301,AZOGUES,5065.0,EC030102,AZOGUES
EC03,CANAR,EC0301,AZOGUES,6790.0,EC030103,BORRERO
EC03,CANAR,EC0301,AZOGUES,585.0,EC030151,COJITAMBO
EC03,CANAR,EC0301,AZOGUES,1445.0,EC030153,GUAPAN
EC03,CANAR,EC0301,AZOGUES,1825.0,EC030154,JAVIER LOYOLA
EC03,CANAR,EC0301,AZOGUES,2220.0,EC030155,LUIS CORDERO
EC03,CANAR,EC0301,AZOGUES,2885.0,EC030156,PINDILIG
EC03,CANAR,EC0301,AZOGUES,3210.0,EC030157,RIVERA
EC03,CANAR,EC0301,AZOGUES,5950.0,EC030104,SAN FRANCISCO
EC03,CANAR,EC0301,AZOGUES,3575.0,EC030158,SAN MIGUEL
EC03,CANAR,EC0301,AZOGUES,3945.0,EC030160,TADAY
EC03,CANAR,EC0302,BIBLIAN,5115.0,EC030250,BIBLIAN
EC03,CANAR,EC0302,BIBLIAN,1085.0,EC030254,JERUSALEN
EC03,CANAR,EC0302,BIBLIAN,2545.0,EC030251,NAZON
EC03,CANAR,EC0302,BIBLIAN,3410.0,EC030252,SAN FRANCISCO DE SAGEO
EC03,CANAR,EC0302,BIBLIAN,4100.0,EC030253,TURUPAMBA
EC03,CANAR,EC0303,CANAR,5160.0,EC030350,CANAR
EC03,CANAR,EC0303,CANAR,935.0,EC030351,CHONTAMARCA
EC03,CANAR,EC0303,CANAR,950.0,EC030352,CHOROCOPTE
EC03,CANAR,EC0303,CANAR,1895.0,EC030363,DUCUR
EC03,CANAR,EC0303,CANAR,1335.0,EC030353,GENERAL MORALES
EC03,CANAR,EC0303,CANAR,1410.0,EC030354,GUALLETURO
EC03,CANAR,EC0303,CANAR,1605.0,EC030355,HONORATO VASQUEZ
EC03,CANAR,EC0303,CANAR,1725.0,EC030356,INGAPIRCA
EC03,CANAR,EC0303,CANAR,1900.0,EC030357,JUNCAL
EC03,CANAR,EC0303,CANAR,3305.0,EC030358,SAN ANTONIO
EC03,CANAR,EC0303,CANAR,1775.0,EC030362,VENTURA
EC03,CANAR,EC0303,CANAR,4345.0,EC030361,ZHUD
EC03,CANAR,EC0306,DELEG,6425.0,EC030650,DELEG
EC03,CANAR,EC0306,DELEG,3875.0,EC030651,SOLANO
EC03,CANAR,EC0305,EL TAMBO,6345.0,EC030550,EL TAMBO
EC03,CANAR,EC0304,LA TRONCAL,5610.0,EC030450,LA TRONCAL
EC03,CANAR,EC0304,LA TRONCAL,2365.0,EC030451,MANUEL J. CALLE
EC03,CANAR,EC0304,LA TRONCAL,2745.0,EC030452,PANCHO NEGRO
EC03,CANAR,EC0307,SUSCAL,6715.0,EC030750,SUSCAL
EC04,CARCHI,EC0402,BOLIVAR,6520.0,EC040250,BOLIVAR
EC04,CARCHI,EC0402,BOLIVAR,1315.0,EC040251,GARCIA MORENO
EC04,CARCHI,EC0402,BOLIVAR,2205.0,EC040252,LOS ANDES
EC04,CARCHI,EC0402,BOLIVAR,2455.0,EC040253,MONTE OLIVO
EC04,CARCHI,EC0402,BOLIVAR,1055.0,EC040255,SAN RAFAEL
EC04,CARCHI,EC0402,BOLIVAR,3680.0,EC040254,SAN VICENTE DE PUSIR
EC04,CARCHI,EC0403,ESPEJO,6250.0,EC040302,27 DE SEPTIEMBRE
EC04,CARCHI,EC0403,ESPEJO,5295.0,EC040301,EL ANGEL
EC04,CARCHI,EC0403,ESPEJO,1150.0,EC040351,EL GOALTAL
EC04,CARCHI,EC0403,ESPEJO,2040.0,EC040352,LA LIBERTAD
EC04,CARCHI,EC0403,ESPEJO,3435.0,EC040353,SAN ISIDRO
EC04,CARCHI,EC0404,MIRA,2010.0,EC040451,CONCEPCION
EC04,CARCHI,EC0404,MIRA,1835.0,EC040452,JIJON Y CAAMANO
EC04,CARCHI,EC0404,MIRA,1875.0,EC040453,JUAN MONTALVO
EC04,CARCHI,EC0404,MIRA,5685.0,EC040450,MIRA
EC04,CARCHI,EC0405,MONTUFAR,910.0,EC040552,CHITAN DE NAVARRETE
EC04,CARCHI,EC0405,MONTUFAR,690.0,EC040551,CRISTOBAL COLON
EC04,CARCHI,EC0405,MONTUFAR,1270.0,EC040553,FERNANDEZ SALVADOR
EC04,CARCHI,EC0405,MONTUFAR,5405.0,EC040501,GONZALEZ SUAREZ
EC04,CARCHI,EC0405,MONTUFAR,2065.0,EC040554,LA PAZ
EC04,CARCHI,EC0405,MONTUFAR,250.0,EC040555,PIARTAL
EC04,CARCHI,EC0405,MONTUFAR,5970.0,EC040502,SAN JOSE
EC04,CARCHI,EC0406,SAN PEDRO DE HUACA,6665.0,EC040650,HUACA
EC04,CARCHI,EC0406,SAN PEDRO DE HUACA,1520.0,EC040651,MARISCAL SUCRE
EC04,CARCHI,EC0401,TULCAN,1125.0,EC040151,EL CARMELO
EC04,CARCHI,EC0401,TULCAN,1195.0,EC040159,EL CHICAL
EC04,CARCHI,EC0401,TULCAN,5415.0,EC040101,GONZALEZ SUAREZ
EC04,CARCHI,EC0401,TULCAN,1885.0,EC040153,JULIO ANDRADE
EC04,CARCHI,EC0401,TULCAN,2340.0,EC040154,MALDONADO
EC04,CARCHI,EC0401,TULCAN,2900.0,EC040155,PIOTER
EC04,CARCHI,EC0401,TULCAN,1765.0,EC040161,SANTA MARTHA DE CUBA
EC04,CARCHI,EC0401,TULCAN,4040.0,EC040156,TOBAR DONOSO
EC04,CARCHI,EC0401,TULCAN,4070.0,EC040157,TUFINO
EC04,CARCHI,EC0401,TULCAN,6165.0,EC040102,TULCAN
EC04,CARCHI,EC0401,TULCAN,4130.0,EC040158,URBINA
EC05,COTOPAXI,EC0502,LA MANA,6880.0,EC050201,EL CARMEN
EC05,COTOPAXI,EC0502,LA MANA,6895.0,EC050203,EL TRIUNFO
EC05,COTOPAXI,EC0502,LA MANA,1500.0,EC050251,GUASAGANDA
EC05,COTOPAXI,EC0502,LA MANA,6535.0,EC050202,LA MANA 
EC05,COTOPAXI,EC0502,LA MANA,2965.0,EC050252,PUCAYACU
EC05,COTOPAXI,EC0501,LATACUNGA,35.0,EC050151,ALAQUEZ
EC05,COTOPAXI,EC0501,LATACUNGA,315.0,EC050152,BELISARIO QUEVEDO
EC05,COTOPAXI,EC0501,LATACUNGA,5310.0,EC050101,ELOY ALFARO  (SAN FELIPE) 
EC05,COTOPAXI,EC0501,LATACUNGA,1485.0,EC050153,GUAYTACAMA
EC05,COTOPAXI,EC0501,LATACUNGA,5465.0,EC050102,IGNACIO FLORES (PARQUE FLORES) 
EC05,COTOPAXI,EC0501,LATACUNGA,1905.0,EC050154,JOSEGUANGO BAJO
EC05,COTOPAXI,EC0501,LATACUNGA,5500.0,EC050103,JUAN MONTALVO (SAN SEBASTIAN)
EC05,COTOPAXI,EC0501,LATACUNGA,5555.0,EC050104,LA MATRIZ
EC05,COTOPAXI,EC0501,LATACUNGA,2480.0,EC050156,MULALO
EC05,COTOPAXI,EC0501,LATACUNGA,2620.0,EC050157,ONCE DE NOVIEMBRE
EC05,COTOPAXI,EC0501,LATACUNGA,2920.0,EC050158,POALO
EC05,COTOPAXI,EC0501,LATACUNGA,5940.0,EC050105,SAN BUENAVENTURA
EC05,COTOPAXI,EC0501,LATACUNGA,3530.0,EC050159,SAN JUAN DE PASTOCALLE
EC05,COTOPAXI,EC0501,LATACUNGA,3965.0,EC050161,TANICUCHI
EC05,COTOPAXI,EC0501,LATACUNGA,4035.0,EC050162,TOACASO
EC05,COTOPAXI,EC0503,PANGUA,5305.0,EC050350,EL CORAZON
EC05,COTOPAXI,EC0503,PANGUA,2460.0,EC050351,MORASPUNGO
EC05,COTOPAXI,EC0503,PANGUA,2890.0,EC050352,PINLLOPATA
EC05,COTOPAXI,EC0503,PANGUA,3155.0,EC050353,RAMON CAMPANA
EC05,COTOPAXI,EC0504,PUJILI,125.0,EC050451,ANGAMARCA
EC05,COTOPAXI,EC0504,PUJILI,1430.0,EC050453,GUANGAJE
EC05,COTOPAXI,EC0504,PUJILI,2150.0,EC050455,LA VICTORIA
EC05,COTOPAXI,EC0504,PUJILI,2865.0,EC050456,PILALO
EC05,COTOPAXI,EC0504,PUJILI,5820.0,EC050450,PUJILI
EC05,COTOPAXI,EC0504,PUJILI,4015.0,EC050457,TINGO
EC05,COTOPAXI,EC0504,PUJILI,4365.0,EC050458,ZUMBAHUA
EC05,COTOPAXI,EC0505,SALCEDO,135.0,EC050551,ANTONIO JOSE HOLGUIN
EC05,COTOPAXI,EC0505,SALCEDO,745.0,EC050552,CUSUBAMBA
EC05,COTOPAXI,EC0505,SALCEDO,2475.0,EC050553,MULALILLO
EC05,COTOPAXI,EC0505,SALCEDO,2490.0,EC050554,MULLIQUINDIL
EC05,COTOPAXI,EC0505,SALCEDO,2760.0,EC050555,PANSALEO
EC05,COTOPAXI,EC0505,SALCEDO,6000.0,EC050550,SAN MIGUEL
EC05,COTOPAXI,EC0506,SAQUISILI,465.0,EC050651,CANCHAGUA
EC05,COTOPAXI,EC0506,SAQUISILI,830.0,EC050652,CHANTILIN
EC05,COTOPAXI,EC0506,SAQUISILI,990.0,EC050653,COCHAPAMBA
EC05,COTOPAXI,EC0506,SAQUISILI,6070.0,EC050650,SAQUISILI
EC05,COTOPAXI,EC0507,SIGCHOS,960.0,EC050751,CHUGCHILLAN
EC05,COTOPAXI,EC0507,SIGCHOS,1735.0,EC050752,ISINLIVI
EC05,COTOPAXI,EC0507,SIGCHOS,2115.0,EC050753,LAS PAMPAS
EC05,COTOPAXI,EC0507,SIGCHOS,815.0,EC050754,PALO QUEMADO
EC05,COTOPAXI,EC0507,SIGCHOS,6450.0,EC050750,SIGCHOS
EC06,CHIMBORAZO,EC0602,ALAUSI,20.0,EC060251,ACHUPALLAS
EC06,CHIMBORAZO,EC0602,ALAUSI,5010.0,EC060250,ALAUSI
EC06,CHIMBORAZO,EC0602,ALAUSI,1465.0,EC060253,GUASUNTOS
EC06,CHIMBORAZO,EC0602,ALAUSI,1660.0,EC060254,HUIGRA
EC06,CHIMBORAZO,EC0602,ALAUSI,2485.0,EC060255,MULTITUD
EC06,CHIMBORAZO,EC0602,ALAUSI,2905.0,EC060256,PISTISHI
EC06,CHIMBORAZO,EC0602,ALAUSI,3025.0,EC060257,PUMALLACTA
EC06,CHIMBORAZO,EC0602,ALAUSI,3820.0,EC060258,SEVILLA
EC06,CHIMBORAZO,EC0602,ALAUSI,3845.0,EC060259,SIBAMBE
EC06,CHIMBORAZO,EC0602,ALAUSI,4030.0,EC060260,TIXAN
EC06,CHIMBORAZO,EC0604,CHAMBO,5475.0,EC060450,CHAMBO
EC06,CHIMBORAZO,EC0605,CHUNCHI,515.0,EC060551,CAPZOL
EC06,CHIMBORAZO,EC0605,CHUNCHI,5255.0,EC060550,CHUNCHI
EC06,CHIMBORAZO,EC0605,CHUNCHI,615.0,EC060552,COMPUD
EC06,CHIMBORAZO,EC0605,CHUNCHI,1370.0,EC060553,GONZOL
EC06,CHIMBORAZO,EC0605,CHUNCHI,2260.0,EC060554,LLAGOS
EC06,CHIMBORAZO,EC0603,COLTA,5145.0,EC060301,CAJABAMBA
EC06,CHIMBORAZO,EC0603,COLTA,500.0,EC060351,CANI
EC06,CHIMBORAZO,EC0603,COLTA,610.0,EC060352,COLUMBE
EC06,CHIMBORAZO,EC0603,COLTA,1865.0,EC060353,JUAN DE VELASCO
EC06,CHIMBORAZO,EC0603,COLTA,4430.0,EC060354,SANTIAGO DE QUITO
EC06,CHIMBORAZO,EC0603,COLTA,6080.0,EC060302,SICALPA
EC06,CHIMBORAZO,EC0610,CUMANDA,6420.0,EC061050,CUMANDA
EC06,CHIMBORAZO,EC0606,GUAMOTE,555.0,EC060651,CEBADAS
EC06,CHIMBORAZO,EC0606,GUAMOTE,5430.0,EC060650,GUAMOTE
EC06,CHIMBORAZO,EC0606,GUAMOTE,2730.0,EC060652,PALMIRA
EC06,CHIMBORAZO,EC0607,GUANO,5315.0,EC060701,EL ROSARIO
EC06,CHIMBORAZO,EC0607,GUANO,1415.0,EC060751,GUANANDO
EC06,CHIMBORAZO,EC0607,GUANO,1705.0,EC060752,ILAPO
EC06,CHIMBORAZO,EC0607,GUANO,5550.0,EC060702,LA MATRIZ
EC06,CHIMBORAZO,EC0607,GUANO,2080.0,EC060753,LA PROVIDENCIA
EC06,CHIMBORAZO,EC0607,GUANO,3295.0,EC060754,SAN ANDRES
EC06,CHIMBORAZO,EC0607,GUANO,3425.0,EC060755,SAN GERARDO
EC06,CHIMBORAZO,EC0607,GUANO,3450.0,EC060756,SAN ISIDRO DE PATULU
EC06,CHIMBORAZO,EC0607,GUANO,45.0,EC060757,SAN JOSE DEL CHAZO
EC06,CHIMBORAZO,EC0607,GUANO,40.0,EC060758,SANTA FE DE GALAN
EC06,CHIMBORAZO,EC0607,GUANO,410.0,EC060759,VALPARAISO
EC06,CHIMBORAZO,EC0608,PALLATANGA,6540.0,EC060850,PALLATANGA
EC06,CHIMBORAZO,EC0609,PENIPE,1325.0,EC060956,BILBAO
EC06,CHIMBORAZO,EC0609,PENIPE,1110.0,EC060951,EL ALTAR
EC06,CHIMBORAZO,EC0609,PENIPE,925.0,EC060955,LA CANDELARIA
EC06,CHIMBORAZO,EC0609,PENIPE,2400.0,EC060952,MATUS
EC06,CHIMBORAZO,EC0609,PENIPE,5740.0,EC060950,PENIPE
EC06,CHIMBORAZO,EC0609,PENIPE,2975.0,EC060953,PUELA
EC06,CHIMBORAZO,EC0609,PENIPE,3335.0,EC060954,SAN ANTONIO DE BAYUSHIG
EC06,CHIMBORAZO,EC0601,RIOBAMBA,420.0,EC060151,CACHA
EC06,CHIMBORAZO,EC0601,RIOBAMBA,445.0,EC060152,CALPI
EC06,CHIMBORAZO,EC0601,RIOBAMBA,705.0,EC060153,CUBIJIES
EC06,CHIMBORAZO,EC0601,RIOBAMBA,1280.0,EC060154,FLORES
EC06,CHIMBORAZO,EC0601,RIOBAMBA,2160.0,EC060155,LICAN
EC06,CHIMBORAZO,EC0601,RIOBAMBA,2165.0,EC060156,LICTO
EC06,CHIMBORAZO,EC0601,RIOBAMBA,5590.0,EC060101,LIZARZABURU
EC06,CHIMBORAZO,EC0601,RIOBAMBA,5630.0,EC060102,MALDONADO
EC06,CHIMBORAZO,EC0601,RIOBAMBA,3035.0,EC060157,PUNGALA
EC06,CHIMBORAZO,EC0601,RIOBAMBA,3040.0,EC060158,PUNIN
EC06,CHIMBORAZO,EC0601,RIOBAMBA,3095.0,EC060159,QUIMIAG
EC06,CHIMBORAZO,EC0601,RIOBAMBA,3515.0,EC060160,SAN JUAN
EC06,CHIMBORAZO,EC0601,RIOBAMBA,3560.0,EC060161,SAN LUIS
EC06,CHIMBORAZO,EC0601,RIOBAMBA,6220.0,EC060103,VELASCO
EC06,CHIMBORAZO,EC0601,RIOBAMBA,6230.0,EC060104,VELOZ
EC06,CHIMBORAZO,EC0601,RIOBAMBA,6290.0,EC060105,YARUQUIES
EC07,EL ORO,EC0702,ARENILLAS,5040.0,EC070250,ARENILLAS
EC07,EL ORO,EC0702,ARENILLAS,1695.0,EC070255,CARCABON
EC07,EL ORO,EC0702,ARENILLAS,805.0,EC070251,CHACRAS
EC07,EL ORO,EC0702,ARENILLAS,4650.0,EC070256,LA CUCA
EC07,EL ORO,EC0702,ARENILLAS,2715.0,EC070254,PALMALES
EC07,EL ORO,EC0703,ATAHUALPA,225.0,EC070351,AYAPAMBA
EC07,EL ORO,EC0703,ATAHUALPA,4480.0,EC070352,CORDONCILLO
EC07,EL ORO,EC0703,ATAHUALPA,4535.0,EC070353,MILAGRO
EC07,EL ORO,EC0703,ATAHUALPA,5745.0,EC070350,PACCHA
EC07,EL ORO,EC0703,ATAHUALPA,4530.0,EC070354,SAN JOSE
EC07,EL ORO,EC0703,ATAHUALPA,375.0,EC070355,SAN JUAN DE CERRO AZUL
EC07,EL ORO,EC0704,BALSAS,6590.0,EC070450,BALSAS
EC07,EL ORO,EC0704,BALSAS,1975.0,EC070451,BELLAMARIA
EC07,EL ORO,EC0705,CHILLA,5715.0,EC070550,CHILLA
EC07,EL ORO,EC0706,EL GUABO,300.0,EC070651,BARBONES
EC07,EL ORO,EC0706,EL GUABO,5340.0,EC070650,EL GUABO
EC07,EL ORO,EC0706,EL GUABO,245.0,EC070652,LA IBERIA
EC07,EL ORO,EC0706,EL GUABO,2050.0,EC070654,RIO BONITO
EC07,EL ORO,EC0706,EL GUABO,4000.0,EC070653,TENDALES
EC07,EL ORO,EC0707,HUAQUILLAS,6815.0,EC070701,ECUADOR
EC07,EL ORO,EC0707,HUAQUILLAS,6810.0,EC070702,EL PARAISO
EC07,EL ORO,EC0707,HUAQUILLAS,6800.0,EC070703,HUALTACO
EC07,EL ORO,EC0707,HUAQUILLAS,6805.0,EC070704,MILTON REYES
EC07,EL ORO,EC0707,HUAQUILLAS,6820.0,EC070705,UNION LOJANA
EC07,EL ORO,EC0714,LAS LAJAS,1080.0,EC071452,EL PARAISO
EC07,EL ORO,EC0714,LAS LAJAS,1100.0,EC071451,LA LIBERTAD
EC07,EL ORO,EC0714,LAS LAJAS,6335.0,EC071401,LA VICTORIA
EC07,EL ORO,EC0714,LAS LAJAS,6950.0,EC071402,PLATANILLOS
EC07,EL ORO,EC0714,LAS LAJAS,1075.0,EC071453,SAN ISIDRO
EC07,EL ORO,EC0714,LAS LAJAS,,EC071403,VALLE HERMOSO
EC07,EL ORO,EC0701,MACHALA,6795.0,EC070105,EL CAMBIO
EC07,EL ORO,EC0701,MACHALA,255.0,EC070152,EL RETIRO
EC07,EL ORO,EC0701,MACHALA,5565.0,EC070101,LA PROVIDENCIA
EC07,EL ORO,EC0701,MACHALA,5625.0,EC070102,MACHALA
EC07,EL ORO,EC0701,MACHALA,6490.0,EC070104,NUEVE DE MAYO
EC07,EL ORO,EC0701,MACHALA,5805.0,EC070103,PUERTO BOLIVAR
EC07,EL ORO,EC0708,MARCABELI,160.0,EC070851,EL INGENIO
EC07,EL ORO,EC0708,MARCABELI,6570.0,EC070850,MARCABELI
EC07,EL ORO,EC0709,PASAJE,6370.0,EC070901,BOLIVAR
EC07,EL ORO,EC0709,PASAJE,390.0,EC070951,BUENAVISTA
EC07,EL ORO,EC0709,PASAJE,775.0,EC070956,CANAQUEMADA
EC07,EL ORO,EC0709,PASAJE,4495.0,EC070952,CASACAY
EC07,EL ORO,EC0709,PASAJE,2075.0,EC070953,LA PEANA
EC07,EL ORO,EC0709,PASAJE,6365.0,EC070902,LOMA DE FRANCO
EC07,EL ORO,EC0709,PASAJE,5770.0,EC070903,OCHOA LEON (MATRIZ)
EC07,EL ORO,EC0709,PASAJE,1225.0,EC070954,PROGRESO
EC07,EL ORO,EC0709,PASAJE,6375.0,EC070904,TRES CERRITOS
EC07,EL ORO,EC0709,PASAJE,4160.0,EC070955,UZHCURRUMI
EC07,EL ORO,EC0710,PINAS,505.0,EC071051,CAPIRO
EC07,EL ORO,EC0710,PINAS,2230.0,EC071052,LA BOCANA
EC07,EL ORO,EC0710,PINAS,5790.0,EC071001,LA MATRIZ
EC07,EL ORO,EC0710,PINAS,6680.0,EC071002,LA SUSAYA
EC07,EL ORO,EC0710,PINAS,2465.0,EC071053,MOROMORO
EC07,EL ORO,EC0710,PINAS,2850.0,EC071054,PIEDRAS
EC07,EL ORO,EC0710,PINAS,6675.0,EC071003,PINAS GRANDE
EC07,EL ORO,EC0710,PINAS,3650.0,EC071055,SAN ROQUE
EC07,EL ORO,EC0710,PINAS,1385.0,EC071056,SARACAY
EC07,EL ORO,EC0711,PORTOVELO,740.0,EC071151,CURTINCAPA
EC07,EL ORO,EC0711,PORTOVELO,4520.0,EC071152,MORALES
EC07,EL ORO,EC0711,PORTOVELO,5850.0,EC071150,PORTOVELO
EC07,EL ORO,EC0711,PORTOVELO,3275.0,EC071153,SALATI
EC07,EL ORO,EC0712,SANTA ROSA,6900.0,EC071203,BALNEARIO JAMBELI (SATELITE)
EC07,EL ORO,EC0712,SANTA ROSA,1665.0,EC071257,BELLAMARIA
EC07,EL ORO,EC0712,SANTA ROSA,325.0,EC071251,BELLAVISTA
EC07,EL ORO,EC0712,SANTA ROSA,1815.0,EC071252,JAMBELI
EC07,EL ORO,EC0712,SANTA ROSA,6985.0,EC071204,JUMON (SATELITE)
EC07,EL ORO,EC0712,SANTA ROSA,2005.0,EC071253,LA AVANZADA
EC07,EL ORO,EC0712,SANTA ROSA,6990.0,EC071205,NUEVO SANTA ROSA
EC07,EL ORO,EC0712,SANTA ROSA,6670.0,EC071202,PUERTO JELI
EC07,EL ORO,EC0712,SANTA ROSA,3330.0,EC071254,SAN ANTONIO
EC07,EL ORO,EC0712,SANTA ROSA,6060.0,EC071201,SANTA ROSA
EC07,EL ORO,EC0712,SANTA ROSA,4525.0,EC071255,TORATA
EC07,EL ORO,EC0712,SANTA ROSA,4215.0,EC071256,VICTORIA
EC07,EL ORO,EC0713,ZARUMA,5.0,EC071351,ABANIN
EC07,EL ORO,EC0713,ZARUMA,4445.0,EC071352,ARCAPAMBA
EC07,EL ORO,EC0713,ZARUMA,1420.0,EC071353,GUANAZAN
EC07,EL ORO,EC0713,ZARUMA,1425.0,EC071354,GUIZHAGUINA
EC07,EL ORO,EC0713,ZARUMA,1655.0,EC071355,HUERTAS
EC07,EL ORO,EC0713,ZARUMA,2350.0,EC071356,MALVAS
EC07,EL ORO,EC0713,ZARUMA,4450.0,EC071357,MULUNCAY GRANDE
EC07,EL ORO,EC0713,ZARUMA,1750.0,EC071359,SALVIAS
EC07,EL ORO,EC0713,ZARUMA,1700.0,EC071358,SINSAO
EC07,EL ORO,EC0713,ZARUMA,6310.0,EC071350,ZARUMA
EC08,ESMERALDAS,EC0806,ATACAMES,6380.0,EC080650,ATACAMES
EC08,ESMERALDAS,EC0806,ATACAMES,2130.0,EC080651,LA UNION
EC08,ESMERALDAS,EC0806,ATACAMES,3880.0,EC080652,SUA
EC08,ESMERALDAS,EC0806,ATACAMES,4055.0,EC080653,TONCHIGUE
EC08,ESMERALDAS,EC0806,ATACAMES,1615.0,EC080654,TONSUPA
EC08,ESMERALDAS,EC0802,ELOY ALFARO,120.0,EC080251,ANCHAYACU
EC08,ESMERALDAS,EC0802,ELOY ALFARO,200.0,EC080252,ATAHUALPA
EC08,ESMERALDAS,EC0802,ELOY ALFARO,370.0,EC080253,BORBON
EC08,ESMERALDAS,EC0802,ELOY ALFARO,1510.0,EC080262,COLON ELOY DEL MARIA
EC08,ESMERALDAS,EC0802,ELOY ALFARO,2125.0,EC080254,LA TOLA
EC08,ESMERALDAS,EC0802,ELOY ALFARO,2225.0,EC080255,LUIS VARGAS TORRES
EC08,ESMERALDAS,EC0802,ELOY ALFARO,2335.0,EC080256,MALDONADO
EC08,ESMERALDAS,EC0802,ELOY ALFARO,2670.0,EC080257,PAMPANAL DE BOLIVAR
EC08,ESMERALDAS,EC0802,ELOY ALFARO,3405.0,EC080258,SAN FRANCISCO DE ONZOLE
EC08,ESMERALDAS,EC0802,ELOY ALFARO,1505.0,EC080263,SAN JOSE DE CAYAPAS
EC08,ESMERALDAS,EC0802,ELOY ALFARO,4595.0,EC080265,SANTA LUCIA DE LAS PENAS
EC08,ESMERALDAS,EC0802,ELOY ALFARO,4465.0,EC080259,SANTO DOMINGO DE ONZOLE
EC08,ESMERALDAS,EC0802,ELOY ALFARO,3805.0,EC080260,SELVA ALEGRE
EC08,ESMERALDAS,EC0802,ELOY ALFARO,4170.0,EC080261,TELEMBI
EC08,ESMERALDAS,EC0802,ELOY ALFARO,1515.0,EC080264,TIMBIRE
EC08,ESMERALDAS,EC0802,ELOY ALFARO,6205.0,EC080250,VALDEZ
EC08,ESMERALDAS,EC0801,ESMERALDAS,5210.0,EC080102,5 DE AGOSTO
EC08,ESMERALDAS,EC0801,ESMERALDAS,5205.0,EC080101,BARTOLOME RUIZ (CESAR FRANCO CARRION) 
EC08,ESMERALDAS,EC0801,ESMERALDAS,450.0,EC080152,CAMARONES
EC08,ESMERALDAS,EC0801,ESMERALDAS,895.0,EC080154,CHINCA
EC08,ESMERALDAS,EC0801,ESMERALDAS,655.0,EC080153,CORONEL CARLOS CONCHA TORRES
EC08,ESMERALDAS,EC0801,ESMERALDAS,5335.0,EC080103,ESMERALDAS
EC08,ESMERALDAS,EC0801,ESMERALDAS,5600.0,EC080104,LUIS TELLO  (LAS PALMAS)
EC08,ESMERALDAS,EC0801,ESMERALDAS,2320.0,EC080159,MAJUA
EC08,ESMERALDAS,EC0801,ESMERALDAS,3570.0,EC080163,SAN MATEO
EC08,ESMERALDAS,EC0801,ESMERALDAS,6905.0,EC080105,SIMON PLATA TORRES
EC08,ESMERALDAS,EC0801,ESMERALDAS,3930.0,EC080165,TABIAZO
EC08,ESMERALDAS,EC0801,ESMERALDAS,3940.0,EC080166,TACHINA
EC08,ESMERALDAS,EC0801,ESMERALDAS,4240.0,EC080168,VUELTA LARGA
EC08,ESMERALDAS,EC0803,MUISNE,355.0,EC080351,BOLIVAR
EC08,ESMERALDAS,EC0803,MUISNE,1010.0,EC080352,DAULE
EC08,ESMERALDAS,EC0803,MUISNE,1305.0,EC080353,GALERA
EC08,ESMERALDAS,EC0803,MUISNE,5670.0,EC080350,MUISNE
EC08,ESMERALDAS,EC0803,MUISNE,3125.0,EC080354,QUINGUE
EC08,ESMERALDAS,EC0803,MUISNE,3280.0,EC080355,SALIMA
EC08,ESMERALDAS,EC0803,MUISNE,3390.0,EC080356,SAN FRANCISCO
EC08,ESMERALDAS,EC0803,MUISNE,3430.0,EC080357,SAN GREGORIO
EC08,ESMERALDAS,EC0803,MUISNE,3470.0,EC080358,SAN JOSE DE CHAMANGA
EC08,ESMERALDAS,EC0804,QUININDE,980.0,EC080452,CHURA
EC08,ESMERALDAS,EC0804,QUININDE,700.0,EC080451,CUBE
EC08,ESMERALDAS,EC0804,QUININDE,1530.0,EC080455,LA UNION
EC08,ESMERALDAS,EC0804,QUININDE,2345.0,EC080453,MALIMPIA
EC08,ESMERALDAS,EC0804,QUININDE,5895.0,EC080450,ROSA ZARATE
EC08,ESMERALDAS,EC0804,QUININDE,4230.0,EC080454,VICHE
EC08,ESMERALDAS,EC0807,RIOVERDE,930.0,EC080751,CHONTADURO
EC08,ESMERALDAS,EC0807,RIOVERDE,965.0,EC080752,CHUMUNDE
EC08,ESMERALDAS,EC0807,RIOVERDE,2035.0,EC080753,LAGARTO
EC08,ESMERALDAS,EC0807,RIOVERDE,2445.0,EC080754,MONTALVO
EC08,ESMERALDAS,EC0807,RIOVERDE,6720.0,EC080750,RIOVERDE
EC08,ESMERALDAS,EC0807,RIOVERDE,3215.0,EC080755,ROCAFUERTE
EC08,ESMERALDAS,EC0805,SAN LORENZO,570.0,EC080555,5 DE JUNIO
EC08,ESMERALDAS,EC0805,SAN LORENZO,70.0,EC080551,ALTO TAMBO
EC08,ESMERALDAS,EC0805,SAN LORENZO,110.0,EC080552,ANCON
EC08,ESMERALDAS,EC0805,SAN LORENZO,435.0,EC080553,CALDERON
EC08,ESMERALDAS,EC0805,SAN LORENZO,535.0,EC080554,CARONDELET
EC08,ESMERALDAS,EC0805,SAN LORENZO,620.0,EC080556,CONCEPCION
EC08,ESMERALDAS,EC0805,SAN LORENZO,2395.0,EC080557,MATAJE
EC08,ESMERALDAS,EC0805,SAN LORENZO,3455.0,EC080558,SAN JAVIER DE CACHAVI
EC08,ESMERALDAS,EC0805,SAN LORENZO,6130.0,EC080550,SAN LORENZO
EC08,ESMERALDAS,EC0805,SAN LORENZO,3725.0,EC080559,SANTA RITA
EC08,ESMERALDAS,EC0805,SAN LORENZO,3955.0,EC080560,TAMBILLO
EC08,ESMERALDAS,EC0805,SAN LORENZO,4075.0,EC080561,TULULBI
EC08,ESMERALDAS,EC0805,SAN LORENZO,4125.0,EC080562,URBINA
EC09,GUAYAS,EC0902,ALFREDO BAQUERIZO MORENO (JUJAN),6545.0,EC090250,ALFREDO BAQUERIZO MORENO (JUJAN)
EC09,GUAYAS,EC0903,BALAO,5470.0,EC090350,BALAO
EC09,GUAYAS,EC0904,BALZAR,5100.0,EC090450,BALZAR
EC09,GUAYAS,EC0905,COLIMES,5365.0,EC090550,COLIMES
EC09,GUAYAS,EC0905,COLIMES,1435.0,EC090551,SAN JACINTO
EC09,GUAYAS,EC0923,CORONEL MARCELINO MARIDUENA,6410.0,EC092350,CORONEL MARCELINO MARIDUENA
EC09,GUAYAS,EC0906,DAULE,,EC090603,BANIFE
EC09,GUAYAS,EC0906,DAULE,5275.0,EC090601,DAULE
EC09,GUAYAS,EC0906,DAULE,1855.0,EC090604,EMILIANO CAICEDO MARCOS
EC09,GUAYAS,EC0906,DAULE,,EC090652,JUAN BAUTISTA AGUIRRE
EC09,GUAYAS,EC0906,DAULE,6850.0,EC090602,LA AURORA (SATELITE)
EC09,GUAYAS,EC0906,DAULE,4500.0,EC090653,LAUREL
EC09,GUAYAS,EC0906,DAULE,260.0,EC090654,LIMONAL
EC09,GUAYAS,EC0906,DAULE,2105.0,EC090656,LOS LOJAS
EC09,GUAYAS,EC0906,DAULE,7425.0,EC090605,MAGRO
EC09,GUAYAS,EC0906,DAULE,1855.0,EC090606,PADRE JUAN BAUTISTA AGUIRRE
EC09,GUAYAS,EC0906,DAULE,,EC090607,SANTA CLARA
EC09,GUAYAS,EC0906,DAULE,,EC090608,VICENTE PIEDRAHITA
EC09,GUAYAS,EC0907,DURAN,7515.0,EC090703,DIVINO NINO
EC09,GUAYAS,EC0907,DURAN,7455.0,EC090702,EL RECREO
EC09,GUAYAS,EC0907,DURAN,6525.0,EC090701,ELOY ALFARO (DURAN)
EC09,GUAYAS,EC0908,EL EMPALME,1640.0,EC090852,EL ROSARIO
EC09,GUAYAS,EC0908,EL EMPALME,1470.0,EC090851,GUAYAS
EC09,GUAYAS,EC0908,EL EMPALME,6225.0,EC090850,VELASCO IBARRA
EC09,GUAYAS,EC0909,EL TRIUNFO,5345.0,EC090950,EL TRIUNFO
EC09,GUAYAS,EC0927,GENERAL ANTONIO ELIZALDE,6620.0,EC092750,GENERAL ANTONIO ELIZALDE
EC09,GUAYAS,EC0901,GUAYAQUIL,5055.0,EC090101,AYACUCHO
EC09,GUAYAS,EC0901,GUAYAQUIL,5125.0,EC090102,BOLIVAR  (SAGRARIO) 
EC09,GUAYAS,EC0901,GUAYAQUIL,5170.0,EC090103,CARBO (CONCEPCION) 
EC09,GUAYAS,EC0901,GUAYAQUIL,5355.0,EC090104,FEBRES CORDERO
EC09,GUAYAS,EC0901,GUAYAQUIL,5380.0,EC090105,GARCIA MORENO
EC09,GUAYAS,EC0901,GUAYAQUIL,1870.0,EC090152,JUAN GOMEZ RENDON
EC09,GUAYAS,EC0901,GUAYAQUIL,5585.0,EC090106,LETAMENDI
EC09,GUAYAS,EC0901,GUAYAQUIL,2470.0,EC090153,MORRO
EC09,GUAYAS,EC0901,GUAYAQUIL,5695.0,EC090107,NUEVE DE OCTUBRE
EC09,GUAYAS,EC0901,GUAYAQUIL,5720.0,EC090108,OLMEDO  (SAN ALEJO) 
EC09,GUAYAS,EC0901,GUAYAQUIL,6405.0,EC090115,PASCUALES
EC09,GUAYAS,EC0901,GUAYAQUIL,2940.0,EC090156,POSORJA
EC09,GUAYAS,EC0901,GUAYAQUIL,3030.0,EC090157,PUNA
EC09,GUAYAS,EC0901,GUAYAQUIL,5880.0,EC090109,ROCA
EC09,GUAYAS,EC0901,GUAYAQUIL,5890.0,EC090110,ROCAFUERTE
EC09,GUAYAS,EC0901,GUAYAQUIL,6095.0,EC090111,SUCRE
EC09,GUAYAS,EC0901,GUAYAQUIL,6150.0,EC090112,TARQUI
EC09,GUAYAS,EC0901,GUAYAQUIL,4120.0,EC090158,TENGUEL
EC09,GUAYAS,EC0901,GUAYAQUIL,6185.0,EC090113,URDANETA
EC09,GUAYAS,EC0901,GUAYAQUIL,6265.0,EC090114,XIMENA
EC09,GUAYAS,EC0928,ISIDRO AYORA,6710.0,EC092850,ISIDRO AYORA
EC09,GUAYAS,EC0924,LOMAS DE SARGENTILLO,6440.0,EC092450,LOMAS DE SARGENTILLO
EC09,GUAYAS,EC0910,MILAGRO,5660.0,EC091001,CAMILO ANDRADE
EC09,GUAYAS,EC0910,MILAGRO,,EC091003,CHIRIJOS
EC09,GUAYAS,EC0910,MILAGRO,920.0,EC091051,CHOBO
EC09,GUAYAS,EC0910,MILAGRO,,EC091004,CORONEL ENRIQUE VALDEZ
EC09,GUAYAS,EC0910,MILAGRO,,EC091002,ELOY ALFARO
EC09,GUAYAS,EC0910,MILAGRO,,EC091008,ERNESTO SEMINARIO
EC09,GUAYAS,EC0910,MILAGRO,,EC091006,JOSE MARIA VELASCO IBARRA
EC09,GUAYAS,EC0910,MILAGRO,,EC091009,LAS PINAS
EC09,GUAYAS,EC0910,MILAGRO,2390.0,EC091053,MARISCAL SUCRE
EC09,GUAYAS,EC0910,MILAGRO,3235.0,EC091054,ROBERTO ASTUDILLO
EC09,GUAYAS,EC0910,MILAGRO,,EC091005,ROSA MARIA
EC09,GUAYAS,EC0910,MILAGRO,,EC091007,VICENTE ROCAFUERTE
EC09,GUAYAS,EC0911,NARANJAL,1830.0,EC091151,JESUS MARIA
EC09,GUAYAS,EC0911,NARANJAL,5675.0,EC091150,NARANJAL
EC09,GUAYAS,EC0911,NARANJAL,3370.0,EC091152,SAN CARLOS
EC09,GUAYAS,EC0911,NARANJAL,3740.0,EC091153,SANTA ROSA DE FLANDES
EC09,GUAYAS,EC0911,NARANJAL,3990.0,EC091154,TAURA
EC09,GUAYAS,EC0912,NARANJITO,5705.0,EC091250,NARANJITO
EC09,GUAYAS,EC0925,NOBOL,6460.0,EC092550,NARCISA DE JESUS
EC09,GUAYAS,EC0913,PALESTINA,5725.0,EC091350,PALESTINA
EC09,GUAYAS,EC0914,PEDRO CARBO,5735.0,EC091450,PEDRO CARBO
EC09,GUAYAS,EC0914,PEDRO CARBO,1670.0,EC091452,SABANILLA
EC09,GUAYAS,EC0914,PEDRO CARBO,185.0,EC091451,VALLE DE LA VIRGEN
EC09,GUAYAS,EC0921,PLAYAS,6255.0,EC092150,GENERAL VILLAMIL
EC09,GUAYAS,EC0919,SALITRE,5120.0,EC091901,BOCANA
EC09,GUAYAS,EC0919,SALITRE,5155.0,EC091902,CANDILEJOS
EC09,GUAYAS,EC0919,SALITRE,5200.0,EC091903,CENTRAL
EC09,GUAYAS,EC0919,SALITRE,1350.0,EC091951,GENERAL VERNAZA
EC09,GUAYAS,EC0919,SALITRE,1595.0,EC091953,JUNQUILLAL
EC09,GUAYAS,EC0919,SALITRE,4220.0,EC091952,LA VICTORIA
EC09,GUAYAS,EC0919,SALITRE,5765.0,EC091904,PARAISO
EC09,GUAYAS,EC0919,SALITRE,5990.0,EC091905,SAN MATEO
EC09,GUAYAS,EC0916,SAMBORONDON,7445.0,EC091602,LA PUNTILLA (SATELITE)
EC09,GUAYAS,EC0916,SAMBORONDON,5925.0,EC091601,SAMBORONDON
EC09,GUAYAS,EC0916,SAMBORONDON,3975.0,EC091651,TARIFA
EC09,GUAYAS,EC0920,SAN JACINTO DE YAGUACHI,1340.0,EC092053,GENERAL PEDRO J. MONTERO
EC09,GUAYAS,EC0920,SAN JACINTO DE YAGUACHI,6285.0,EC092050,SAN JACINTO DE YAGUACHI
EC09,GUAYAS,EC0920,SAN JACINTO DE YAGUACHI,1915.0,EC092056,VIRGEN DE FATIMA
EC09,GUAYAS,EC0920,SAN JACINTO DE YAGUACHI,4275.0,EC092055,YAGUACHI VIEJO
EC09,GUAYAS,EC0918,SANTA LUCIA,6580.0,EC091850,SANTA LUCIA
EC09,GUAYAS,EC0922,SIMON BOLIVAR,660.0,EC092251,CORONEL LORENZO DE GARAYCOA
EC09,GUAYAS,EC0922,SIMON BOLIVAR,6385.0,EC092250,SIMON BOLIVAR
EC10,IMBABURA,EC1002,ANTONIO ANTE,5025.0,EC100201,ANDRADE MARIN  (LOURDES) 
EC10,IMBABURA,EC1002,ANTONIO ANTE,5050.0,EC100202,ATUNTAQUI
EC10,IMBABURA,EC1002,ANTONIO ANTE,1715.0,EC100251,IMBAYA
EC10,IMBABURA,EC1002,ANTONIO ANTE,3400.0,EC100252,SAN FRANCISCO DE NATABUELA
EC10,IMBABURA,EC1002,ANTONIO ANTE,3465.0,EC100253,SAN JOSE DE CHALTURA
EC10,IMBABURA,EC1002,ANTONIO ANTE,3640.0,EC100254,SAN ROQUE
EC10,IMBABURA,EC1003,COTACACHI,145.0,EC100351,APUELA
EC10,IMBABURA,EC1003,COTACACHI,1310.0,EC100352,GARCIA MORENO
EC10,IMBABURA,EC1003,COTACACHI,1710.0,EC100353,IMANTAG
EC10,IMBABURA,EC1003,COTACACHI,2820.0,EC100354,PENAHERRERA
EC10,IMBABURA,EC1003,COTACACHI,2915.0,EC100355,PLAZA GUTIERREZ
EC10,IMBABURA,EC1003,COTACACHI,3115.0,EC100356,QUIROGA
EC10,IMBABURA,EC1003,COTACACHI,5910.0,EC100301,SAGRARIO
EC10,IMBABURA,EC1003,COTACACHI,5955.0,EC100302,SAN FRANCISCO
EC10,IMBABURA,EC1003,COTACACHI,3800.0,EC100357,SEIS DE JULIO DE CUELLAJE
EC10,IMBABURA,EC1003,COTACACHI,4185.0,EC100358,VACAS GALINDO
EC10,IMBABURA,EC1001,IBARRA,100.0,EC100151,AMBUQUI
EC10,IMBABURA,EC1001,IBARRA,130.0,EC100152,ANGOCHAGUA
EC10,IMBABURA,EC1001,IBARRA,5165.0,EC100101,CARANQUI
EC10,IMBABURA,EC1001,IBARRA,5440.0,EC100102,GUAYAQUIL DE ALPACHACA
EC10,IMBABURA,EC1001,IBARRA,530.0,EC100153,LA CAROLINA
EC10,IMBABURA,EC1001,IBARRA,6780.0,EC100105,LA DOLOROSA DEL PRIORATO
EC10,IMBABURA,EC1001,IBARRA,2020.0,EC100154,LA ESPERANZA
EC10,IMBABURA,EC1001,IBARRA,2185.0,EC100155,LITA
EC10,IMBABURA,EC1001,IBARRA,5915.0,EC100103,SAGRARIO
EC10,IMBABURA,EC1001,IBARRA,3290.0,EC100156,SALINAS
EC10,IMBABURA,EC1001,IBARRA,3315.0,EC100157,SAN ANTONIO
EC10,IMBABURA,EC1001,IBARRA,5960.0,EC100104,SAN FRANCISCO
EC10,IMBABURA,EC1004,OTAVALO,1040.0,EC100451,DR. MIGUEL EGAS CABEZAS
EC10,IMBABURA,EC1004,OTAVALO,1215.0,EC100452,EUGENIO ESPEJO
EC10,IMBABURA,EC1004,OTAVALO,1360.0,EC100453,GONZALEZ SUAREZ
EC10,IMBABURA,EC1004,OTAVALO,5490.0,EC100401,JORDAN
EC10,IMBABURA,EC1004,OTAVALO,2785.0,EC100454,PATAQUI
EC10,IMBABURA,EC1004,OTAVALO,3490.0,EC100455,SAN JOSE DE QUICHINCHE
EC10,IMBABURA,EC1004,OTAVALO,3525.0,EC100456,SAN JUAN DE ILUMAN
EC10,IMBABURA,EC1004,OTAVALO,5980.0,EC100402,SAN LUIS
EC10,IMBABURA,EC1004,OTAVALO,3590.0,EC100457,SAN PABLO
EC10,IMBABURA,EC1004,OTAVALO,3630.0,EC100458,SAN RAFAEL
EC10,IMBABURA,EC1004,OTAVALO,3810.0,EC100459,SELVA ALEGRE
EC10,IMBABURA,EC1005,PIMAMPIRO,955.0,EC100551,CHUGA
EC10,IMBABURA,EC1005,PIMAMPIRO,2380.0,EC100552,MARIANO ACOSTA
EC10,IMBABURA,EC1005,PIMAMPIRO,5750.0,EC100550,PIMAMPIRO
EC10,IMBABURA,EC1005,PIMAMPIRO,3415.0,EC100553,SAN FRANCISCO DE SIGSIPAMBA
EC10,IMBABURA,EC1006,SAN MIGUEL DE URCUQUI,425.0,EC100651,CAHUASQUI
EC10,IMBABURA,EC1006,SAN MIGUEL DE URCUQUI,2060.0,EC100652,LA MERCED DE BUENOS AIRES
EC10,IMBABURA,EC1006,SAN MIGUEL DE URCUQUI,2675.0,EC100653,PABLO ARENAS
EC10,IMBABURA,EC1006,SAN MIGUEL DE URCUQUI,3365.0,EC100654,SAN BLAS
EC10,IMBABURA,EC1006,SAN MIGUEL DE URCUQUI,4080.0,EC100655,TUMBABIRO
EC10,IMBABURA,EC1006,SAN MIGUEL DE URCUQUI,6190.0,EC100650,URCUQUI
EC10,IMBABURA,EC999,ZONA ESPECIAL ELECTORAL LAS GOLONDRINAS,9999.0,EC9999.0,ZONA ESPECIAL ELECTORAL LAS GOLONDRINAS
EC11,LOJA,EC1102,CALVAS,5175.0,EC110201,CARIAMANGA
EC11,LOJA,EC1102,CALVAS,5240.0,EC110202,CHILE
EC11,LOJA,EC1102,CALVAS,590.0,EC110251,COLAISACA
EC11,LOJA,EC1102,CALVAS,1230.0,EC110252,EL LUCERO
EC11,LOJA,EC1102,CALVAS,6025.0,EC110203,SAN VICENTE
EC11,LOJA,EC1102,CALVAS,1550.0,EC110254,SANGUILLIN
EC11,LOJA,EC1102,CALVAS,4150.0,EC110253,UTUANA
EC11,LOJA,EC1103,CATAMAYO,5270.0,EC110301,CATAMAYO
EC11,LOJA,EC1103,CATAMAYO,1200.0,EC110351,EL TAMBO
EC11,LOJA,EC1103,CATAMAYO,1480.0,EC110352,GUAYQUICHUMA
EC11,LOJA,EC1103,CATAMAYO,6825.0,EC110302,SAN JOSE
EC11,LOJA,EC1103,CATAMAYO,3610.0,EC110353,SAN PEDRO DE LA BENDITA
EC11,LOJA,EC1103,CATAMAYO,4455.0,EC110354,ZAMBI
EC11,LOJA,EC1104,CELICA,5195.0,EC110450,CELICA
EC11,LOJA,EC1104,CELICA,695.0,EC110451,CRUZPAMBA
EC11,LOJA,EC1104,CELICA,3535.0,EC110455,POZUL
EC11,LOJA,EC1104,CELICA,3255.0,EC110456,SABANILLA
EC11,LOJA,EC1104,CELICA,1495.0,EC110457,TENIENTE MAXIMILIANO RODRIGUEZ LOAIZA
EC11,LOJA,EC1105,CHAGUARPAMBA,1450.0,EC110554,AMARILLOS
EC11,LOJA,EC1105,CHAGUARPAMBA,385.0,EC110551,BUENAVISTA
EC11,LOJA,EC1105,CHAGUARPAMBA,6530.0,EC110550,CHAGUARPAMBA
EC11,LOJA,EC1105,CHAGUARPAMBA,1180.0,EC110552,EL ROSARIO
EC11,LOJA,EC1105,CHAGUARPAMBA,3755.0,EC110553,SANTA RUFINA
EC11,LOJA,EC1106,ESPINDOLA,4460.0,EC110654,27 DE ABRIL
EC11,LOJA,EC1106,ESPINDOLA,5020.0,EC110650,AMALUZA
EC11,LOJA,EC1106,ESPINDOLA,320.0,EC110651,BELLAVISTA
EC11,LOJA,EC1106,ESPINDOLA,1645.0,EC110656,EL AIRO
EC11,LOJA,EC1106,ESPINDOLA,790.0,EC110655,EL INGENIO
EC11,LOJA,EC1106,ESPINDOLA,1845.0,EC110652,JIMBURA
EC11,LOJA,EC1106,ESPINDOLA,3765.0,EC110653,SANTA TERESITA
EC11,LOJA,EC1107,GONZANAMA,825.0,EC110751,CHANGAIMINA
EC11,LOJA,EC1107,GONZANAMA,5400.0,EC110750,GONZANAMA
EC11,LOJA,EC1107,GONZANAMA,2520.0,EC110753,NAMBACOLA
EC11,LOJA,EC1107,GONZANAMA,3045.0,EC110754,PURUNUMA
EC11,LOJA,EC1107,GONZANAMA,3270.0,EC110756,SACAPALCA
EC11,LOJA,EC1101,LOJA,7525.0,EC110105,CARIGAN
EC11,LOJA,EC1101,LOJA,4475.0,EC110151,CHANTACO
EC11,LOJA,EC1101,LOJA,975.0,EC110152,CHUQUIRIBAMBA
EC11,LOJA,EC1101,LOJA,1135.0,EC110153,EL CISNE
EC11,LOJA,EC1101,LOJA,5320.0,EC110101,EL SAGRARIO
EC11,LOJA,EC1101,LOJA,1405.0,EC110154,GUALEL
EC11,LOJA,EC1101,LOJA,1840.0,EC110155,JIMBILLA
EC11,LOJA,EC1101,LOJA,2325.0,EC110156,MALACATOS
EC11,LOJA,EC1101,LOJA,7530.0,EC110106,PUNZARA
EC11,LOJA,EC1101,LOJA,1780.0,EC110163,QUINARA
EC11,LOJA,EC1101,LOJA,3555.0,EC110157,SAN LUCAS
EC11,LOJA,EC1101,LOJA,4540.0,EC110158,SAN PEDRO DE VILCABAMBA
EC11,LOJA,EC1101,LOJA,6015.0,EC110102,SAN SEBASTIAN
EC11,LOJA,EC1101,LOJA,3770.0,EC110159,SANTIAGO
EC11,LOJA,EC1101,LOJA,6100.0,EC110103,SUCRE
EC11,LOJA,EC1101,LOJA,3970.0,EC110160,TAQUIL
EC11,LOJA,EC1101,LOJA,6210.0,EC110104,VALLE
EC11,LOJA,EC1101,LOJA,4235.0,EC110161,VILCABAMBA
EC11,LOJA,EC1101,LOJA,4280.0,EC110162,YANGANA
EC11,LOJA,EC1108,MACARA,5385.0,EC110801,GENERAL ELOY ALFARO (SAN SEBASTIAN) 
EC11,LOJA,EC1108,MACARA,2145.0,EC110852,LA VICTORIA
EC11,LOJA,EC1108,MACARA,2085.0,EC110851,LARAMA
EC11,LOJA,EC1108,MACARA,5680.0,EC110802,MACARA  (MANUEL ENRIQUE RENGEL SUQUILANDA)
EC11,LOJA,EC1108,MACARA,3265.0,EC110853,SABIANGO
EC11,LOJA,EC1116,OLMEDO,2120.0,EC111651,LA TINGUE
EC11,LOJA,EC1116,OLMEDO,6730.0,EC111650,OLMEDO
EC11,LOJA,EC1109,PALTAS,485.0,EC110951,CANGONAMA
EC11,LOJA,EC1109,PALTAS,995.0,EC110958,CASANGA
EC11,LOJA,EC1109,PALTAS,5180.0,EC110901,CATACOCHA
EC11,LOJA,EC1109,PALTAS,1380.0,EC110952,GUACHANAMA
EC11,LOJA,EC1109,PALTAS,2140.0,EC110954,LAURO GUERRERO
EC11,LOJA,EC1109,PALTAS,5595.0,EC110902,LOURDES
EC11,LOJA,EC1109,PALTAS,2630.0,EC110956,ORIANGA
EC11,LOJA,EC1109,PALTAS,545.0,EC110957,SAN ANTONIO
EC11,LOJA,EC1109,PALTAS,1000.0,EC110959,YAMANA
EC11,LOJA,EC1114,PINDAL,1035.0,EC111452,12 DE DICIEMBRE
EC11,LOJA,EC1114,PINDAL,835.0,EC111451,CHAQUINAL
EC11,LOJA,EC1114,PINDAL,4545.0,EC111453,MILAGROS
EC11,LOJA,EC1114,PINDAL,5810.0,EC111450,PINDAL
EC11,LOJA,EC1110,PUYANGO,5005.0,EC111050,ALAMOR
EC11,LOJA,EC1110,PUYANGO,565.0,EC111051,CIANO
EC11,LOJA,EC1110,PUYANGO,270.0,EC111052,EL ARENAL
EC11,LOJA,EC1110,PUYANGO,1155.0,EC111053,EL LIMO
EC11,LOJA,EC1110,PUYANGO,2405.0,EC111054,MERCADILLO
EC11,LOJA,EC1110,PUYANGO,4210.0,EC111055,VICENTINO
EC11,LOJA,EC1115,QUILANGA,360.0,EC111551,FUNDOCHAMBA
EC11,LOJA,EC1115,QUILANGA,6260.0,EC111550,QUILANGA
EC11,LOJA,EC1115,QUILANGA,3345.0,EC111552,SAN ANTONIO DE LAS ARADAS
EC11,LOJA,EC1111,SARAGURO,1165.0,EC111151,EL PARAISO DE CELEN
EC11,LOJA,EC1111,SARAGURO,1190.0,EC111152,EL TABLON
EC11,LOJA,EC1111,SARAGURO,2280.0,EC111153,LLUZHAPA
EC11,LOJA,EC1111,SARAGURO,2360.0,EC111154,MANU
EC11,LOJA,EC1111,SARAGURO,3340.0,EC111155,SAN ANTONIO DE QUMBE
EC11,LOJA,EC1111,SARAGURO,3600.0,EC111156,SAN PABLO DE TENTA
EC11,LOJA,EC1111,SARAGURO,3665.0,EC111157,SAN SEBASTIAN DE YULUC
EC11,LOJA,EC1111,SARAGURO,6075.0,EC111150,SARAGURO
EC11,LOJA,EC1111,SARAGURO,3815.0,EC111158,SELVA ALEGRE
EC11,LOJA,EC1111,SARAGURO,310.0,EC111160,SUMAYPAMBA
EC11,LOJA,EC1111,SARAGURO,4145.0,EC111159,URDANETA
EC11,LOJA,EC1112,SOZORANGA,2575.0,EC111251,NUEVA FATIMA
EC11,LOJA,EC1112,SOZORANGA,6120.0,EC111250,SOZORANGA
EC11,LOJA,EC1112,SOZORANGA,3935.0,EC111252,TACAMOROS
EC11,LOJA,EC1113,ZAPOTILLO,2000.0,EC111355,BOLASPAMBA
EC11,LOJA,EC1113,ZAPOTILLO,4605.0,EC111356,CAZADEROS
EC11,LOJA,EC1113,ZAPOTILLO,290.0,EC111352,GARZAREAL
EC11,LOJA,EC1113,ZAPOTILLO,280.0,EC111353,LIMONES
EC11,LOJA,EC1113,ZAPOTILLO,550.0,EC111351,MANGAHURCO
EC11,LOJA,EC1113,ZAPOTILLO,2710.0,EC111354,PALETILLAS
EC11,LOJA,EC1113,ZAPOTILLO,6320.0,EC111350,ZAPOTILLO
EC12,LOS RIOS,EC1202,BABA,5085.0,EC120250,BABA
EC12,LOS RIOS,EC1202,BABA,1460.0,EC120251,GUARE
EC12,LOS RIOS,EC1202,BABA,1740.0,EC120252,ISLA DE BEJUCAL
EC12,LOS RIOS,EC1201,BABAHOYO,6830.0,EC120103,BARREIRO
EC12,LOS RIOS,EC1201,BABAHOYO,520.0,EC120152,CARACOL
EC12,LOS RIOS,EC1201,BABAHOYO,5215.0,EC120101,CLEMENTE BAQUERIZO
EC12,LOS RIOS,EC1201,BABAHOYO,5285.0,EC120102,DOCTOR CAMILO PONCE 
EC12,LOS RIOS,EC1201,BABAHOYO,6835.0,EC120104,EL SALTO
EC12,LOS RIOS,EC1201,BABAHOYO,1265.0,EC120153,FEBRES CORDERO
EC12,LOS RIOS,EC1201,BABAHOYO,1525.0,EC120155,LA UNION
EC12,LOS RIOS,EC1201,BABAHOYO,2875.0,EC120154,PIMOCHA
EC12,LOS RIOS,EC1210,BUENA FE,,EC121003,11 DE OCTUBRE
EC12,LOS RIOS,EC1210,BUENA FE,,EC121002,7 DE AGOSTO
EC12,LOS RIOS,EC1210,BUENA FE,150.0,EC121051,PATRICIA PILAR
EC12,LOS RIOS,EC1210,BUENA FE,6465.0,EC121001,SAN JACINTO DE BUENA FE
EC12,LOS RIOS,EC1212,MOCACHE,6695.0,EC121250,MOCACHE
EC12,LOS RIOS,EC1203,MONTALVO,4615.0,EC120351,LA ESMERALDA
EC12,LOS RIOS,EC1203,MONTALVO,5640.0,EC120350,MONTALVO
EC12,LOS RIOS,EC1209,PALENQUE,6330.0,EC120950,PALENQUE
EC12,LOS RIOS,EC1204,PUEBLOVIEJO,5800.0,EC120450,PUEBLOVIEJO
EC12,LOS RIOS,EC1204,PUEBLOVIEJO,3015.0,EC120451,PUERTO PECHICHE
EC12,LOS RIOS,EC1204,PUEBLOVIEJO,3510.0,EC120452,SAN JUAN
EC12,LOS RIOS,EC1205,QUEVEDO,6690.0,EC120508,24 DE MAYO
EC12,LOS RIOS,EC1205,QUEVEDO,6650.0,EC120504,GUAYACAN
EC12,LOS RIOS,EC1205,QUEVEDO,4420.0,EC120555,LA ESPERANZA
EC12,LOS RIOS,EC1205,QUEVEDO,6645.0,EC120505,NICOLAS INFANTE DIAZ
EC12,LOS RIOS,EC1205,QUEVEDO,5855.0,EC120501,QUEVEDO
EC12,LOS RIOS,EC1205,QUEVEDO,6115.0,EC120502,SAN CAMILO
EC12,LOS RIOS,EC1205,QUEVEDO,4425.0,EC120553,SAN CARLOS
EC12,LOS RIOS,EC1205,QUEVEDO,6635.0,EC120506,SAN CRISTOBAL
EC12,LOS RIOS,EC1205,QUEVEDO,6655.0,EC120507,SIETE DE OCTUBRE
EC12,LOS RIOS,EC1205,QUEVEDO,6640.0,EC120509,VENUS DEL RIO QUEVEDO
EC12,LOS RIOS,EC1205,QUEVEDO,6660.0,EC120510,VIVA ALFARO
EC12,LOS RIOS,EC1213,QUINSALOMA,6915.0,EC121350,QUINSALOMA
EC12,LOS RIOS,EC1206,URDANETA,5185.0,EC120650,CATARAMA
EC12,LOS RIOS,EC1206,URDANETA,3175.0,EC120651,RICAURTE
EC12,LOS RIOS,EC1211,VALENCIA,,EC121103,LA NUEVA UNION
EC12,LOS RIOS,EC1211,VALENCIA,,EC121102,LA UNION
EC12,LOS RIOS,EC1211,VALENCIA,6685.0,EC121101,VALENCIA
EC12,LOS RIOS,EC1207,VENTANAS,7480.0,EC120701,10 DE NOVIEMBRE
EC12,LOS RIOS,EC1207,VENTANAS,4590.0,EC120753,CHACARITA
EC12,LOS RIOS,EC1207,VENTANAS,4585.0,EC120754,LOS ANGELES
EC12,LOS RIOS,EC1207,VENTANAS,6235.0,EC120702,VENTANAS
EC12,LOS RIOS,EC1207,VENTANAS,4330.0,EC120752,ZAPOTAL
EC12,LOS RIOS,EC1208,VINCES,140.0,EC120851,ANTONIO SOTOMAYOR
EC12,LOS RIOS,EC1208,VINCES,6245.0,EC120801,BALZAR DE VINCES
EC12,LOS RIOS,EC1208,VINCES,,EC120803,SAN LORENZO DE VINCES
EC12,LOS RIOS,EC1208,VINCES,,EC120802,VINCES CENTRAL
EC13,MANABI,EC1316,24 DE MAYO,1570.0,EC131653,ARQUITECTO SIXTO DURAN BALLEN
EC13,MANABI,EC1316,24 DE MAYO,330.0,EC131651,BELLAVISTA
EC13,MANABI,EC1316,24 DE MAYO,2555.0,EC131652,NOBOA
EC13,MANABI,EC1316,24 DE MAYO,6105.0,EC131650,SUCRE
EC13,MANABI,EC1302,BOLIVAR,5150.0,EC130250,CALCETA
EC13,MANABI,EC1302,BOLIVAR,240.0,EC130251,MEMBRILLO
EC13,MANABI,EC1302,BOLIVAR,3110.0,EC130252,QUIROGA
EC13,MANABI,EC1303,CHONE,380.0,EC130351,BOYACA
EC13,MANABI,EC1303,CHONE,495.0,EC130352,CANUTO
EC13,MANABI,EC1303,CHONE,405.0,EC130354,CHIBUNGA
EC13,MANABI,EC1303,CHONE,5250.0,EC130301,CHONE
EC13,MANABI,EC1303,CHONE,640.0,EC130353,CONVENTO
EC13,MANABI,EC1303,CHONE,1160.0,EC130355,ELOY ALFARO
EC13,MANABI,EC1303,CHONE,3170.0,EC130356,RICAURTE
EC13,MANABI,EC1303,CHONE,3350.0,EC130357,SAN ANTONIO
EC13,MANABI,EC1303,CHONE,6055.0,EC130302,SANTA RITA
EC13,MANABI,EC1304,EL CARMEN,6195.0,EC130402,4 DE DICIEMBRE
EC13,MANABI,EC1304,EL CARMEN,5300.0,EC130401,EL CARMEN
EC13,MANABI,EC1304,EL CARMEN,3635.0,EC130454,EL PARAISO LA 14
EC13,MANABI,EC1304,EL CARMEN,1980.0,EC130452,SAN PEDRO DE SUMA
EC13,MANABI,EC1304,EL CARMEN,3632.0,EC130453,SANTA MARIA
EC13,MANABI,EC1304,EL CARMEN,1070.0,EC130451,WILFRIDO LOOR MOREIRA
EC13,MANABI,EC1305,FLAVIO ALFARO,5480.0,EC130550,FLAVIO ALFARO
EC13,MANABI,EC1305,FLAVIO ALFARO,1600.0,EC130551,SAN FRANCISCO DE NOVILLO
EC13,MANABI,EC1305,FLAVIO ALFARO,1620.0,EC130552,ZAPALLO
EC13,MANABI,EC1320,JAMA,6750.0,EC132050,JAMA
EC13,MANABI,EC1321,JARAMIJO,6755.0,EC132150,JARAMIJO
EC13,MANABI,EC1306,JIPIJAPA,105.0,EC130651,AMERICA
EC13,MANABI,EC1306,JIPIJAPA,7465.0,EC130601,DOCTOR MIGUEL MORAN LUCIO 
EC13,MANABI,EC1306,JIPIJAPA,1115.0,EC130652,EL ANEGADO
EC13,MANABI,EC1306,JIPIJAPA,1880.0,EC130653,JULCUY
EC13,MANABI,EC1306,JIPIJAPA,560.0,EC130654,LA UNION
EC13,MANABI,EC1306,JIPIJAPA,7470.0,EC130602,MANUEL INOCENCIO PARRALES Y GUALE
EC13,MANABI,EC1306,JIPIJAPA,4490.0,EC130656,MEMBRILLAL
EC13,MANABI,EC1306,JIPIJAPA,2810.0,EC130657,PEDRO PABLO GOMEZ
EC13,MANABI,EC1306,JIPIJAPA,2990.0,EC130658,PUERTO CAYO
EC13,MANABI,EC1306,JIPIJAPA,7475.0,EC130603,SAN LORENZO DE JIPIJAPA
EC13,MANABI,EC1307,JUNIN,5505.0,EC130750,JUNIN
EC13,MANABI,EC1308,MANTA,6745.0,EC130805,ELOY ALFARO
EC13,MANABI,EC1308,MANTA,5570.0,EC130801,LOS ESTEROS
EC13,MANABI,EC1308,MANTA,5635.0,EC130802,MANTA
EC13,MANABI,EC1308,MANTA,3550.0,EC130851,SAN LORENZO
EC13,MANABI,EC1308,MANTA,6135.0,EC130803,SAN MATEO
EC13,MANABI,EC1308,MANTA,1800.0,EC130852,SANTA MARIANITA
EC13,MANABI,EC1308,MANTA,6155.0,EC130804,TARQUI
EC13,MANABI,EC1309,MONTECRISTI,7460.0,EC130901,ANIBAL SAN ANDRES
EC13,MANABI,EC1309,MONTECRISTI,7490.0,EC130903,EL COLORADO
EC13,MANABI,EC1309,MONTECRISTI,7500.0,EC130904,GENERAL ELOY ALFARO
EC13,MANABI,EC1309,MONTECRISTI,,EC130906,ISABEL MUENTES
EC13,MANABI,EC1309,MONTECRISTI,1545.0,EC130952,LA PILA
EC13,MANABI,EC1309,MONTECRISTI,7495.0,EC130905,LEONIDAS PROANO
EC13,MANABI,EC1309,MONTECRISTI,5665.0,EC130902,MONTECRISTI
EC13,MANABI,EC1318,OLMEDO,6495.0,EC131850,OLMEDO
EC13,MANABI,EC1310,PAJAN,460.0,EC131051,CAMPOZANO
EC13,MANABI,EC1310,PAJAN,540.0,EC131052,CASCOL
EC13,MANABI,EC1310,PAJAN,1395.0,EC131053,GUALE
EC13,MANABI,EC1310,PAJAN,2090.0,EC131054,LASCANO
EC13,MANABI,EC1310,PAJAN,5755.0,EC131050,PAJAN
EC13,MANABI,EC1317,PEDERNALES,785.0,EC131753,ATAHUALPA
EC13,MANABI,EC1317,PEDERNALES,580.0,EC131751,COJIMIES
EC13,MANABI,EC1317,PEDERNALES,1030.0,EC131752,DIEZ DE AGOSTO
EC13,MANABI,EC1317,PEDERNALES,6430.0,EC131750,PEDERNALES
EC13,MANABI,EC1311,PICHINCHA,1065.0,EC131151,BARRAGANETE
EC13,MANABI,EC1311,PICHINCHA,6550.0,EC131150,PICHINCHA
EC13,MANABI,EC1311,PICHINCHA,1060.0,EC131152,SAN SEBASTIAN
EC13,MANABI,EC1301,PORTOVIEJO,5280.0,EC130102,12 DE MARZO
EC13,MANABI,EC1301,PORTOVIEJO,6770.0,EC130108,18 DE OCTUBRE
EC13,MANABI,EC1301,PORTOVIEJO,10.0,EC130151,ABDON CALDERON
EC13,MANABI,EC1301,PORTOVIEJO,50.0,EC130152,ALHAJUELA
EC13,MANABI,EC1301,PORTOVIEJO,5030.0,EC130106,ANDRES DE VERA
EC13,MANABI,EC1301,PORTOVIEJO,1925.0,EC130157,CHIRIJOS
EC13,MANABI,EC1301,PORTOVIEJO,5265.0,EC130103,COLON
EC13,MANABI,EC1301,PORTOVIEJO,770.0,EC130153,CRUCITA
EC13,MANABI,EC1301,PORTOVIEJO,6775.0,EC130107,FRANCISCO PACHECO
EC13,MANABI,EC1301,PORTOVIEJO,5845.0,EC130104,PICOAZA
EC13,MANABI,EC1301,PORTOVIEJO,5795.0,EC130101,PORTOVIEJO
EC13,MANABI,EC1301,PORTOVIEJO,2970.0,EC130154,PUEBLO NUEVO
EC13,MANABI,EC1301,PORTOVIEJO,3185.0,EC130155,RIOCHICO
EC13,MANABI,EC1301,PORTOVIEJO,6585.0,EC130105,SAN PABLO
EC13,MANABI,EC1301,PORTOVIEJO,3625.0,EC130156,SAN PLACIDO
EC13,MANABI,EC1301,PORTOVIEJO,6910.0,EC130109,SIMON BOLIVAR
EC13,MANABI,EC1319,PUERTO LOPEZ,2305.0,EC131951,MACHALILLA
EC13,MANABI,EC1319,PUERTO LOPEZ,6575.0,EC131950,PUERTO LOPEZ
EC13,MANABI,EC1319,PUERTO LOPEZ,1920.0,EC131952,SALANGO
EC13,MANABI,EC1312,ROCAFUERTE,5885.0,EC131250,ROCAFUERTE
EC13,MANABI,EC1322,SAN VICENTE,470.0,EC132251,CANOA
EC13,MANABI,EC1322,SAN VICENTE,6785.0,EC132250,SAN VICENTE
EC13,MANABI,EC1313,SANTA ANA,220.0,EC131351,AYACUCHO
EC13,MANABI,EC1313,SANTA ANA,1610.0,EC131352,HONORATO VASQUEZ
EC13,MANABI,EC1313,SANTA ANA,2135.0,EC131353,LA UNION
EC13,MANABI,EC1313,SANTA ANA,6725.0,EC131302,LODANA
EC13,MANABI,EC1313,SANTA ANA,1105.0,EC131355,SAN PABLO
EC13,MANABI,EC1313,SANTA ANA,6030.0,EC131301,SANTA ANA
EC13,MANABI,EC1314,SUCRE,5095.0,EC131401,BAHIA DE CARAQUEZ
EC13,MANABI,EC1314,SUCRE,840.0,EC131453,CHARAPOTO
EC13,MANABI,EC1314,SUCRE,5580.0,EC131402,LEONIDAS PLAZA GUTIERREZ
EC13,MANABI,EC1314,SUCRE,3445.0,EC131457,SAN ISIDRO
EC13,MANABI,EC1315,TOSAGUA,2030.0,EC131552,ANGEL PEDRO GILER
EC13,MANABI,EC1315,TOSAGUA,265.0,EC131551,BACHILLERO
EC13,MANABI,EC1315,TOSAGUA,6170.0,EC131550,TOSAGUA
EC13,MANABI,EC998,ZONA ESPECIAL ELECTORAL LA MANGA DEL CURA,9998.0,EC9998.0,ZONA ESPECIAL ELECTORAL LA MANGA DEL CURA
EC14,MORONA SANTIAGO,EC1402,GUALAQUIZA,90.0,EC140251,AMAZONAS
EC14,MORONA SANTIAGO,EC1402,GUALAQUIZA,340.0,EC140252,BERMEJOS
EC14,MORONA SANTIAGO,EC1402,GUALAQUIZA,350.0,EC140253,BOMBOIZA
EC14,MORONA SANTIAGO,EC1402,GUALAQUIZA,880.0,EC140254,CHIGUINDA
EC14,MORONA SANTIAGO,EC1402,GUALAQUIZA,1910.0,EC140258,EL IDEAL
EC14,MORONA SANTIAGO,EC1402,GUALAQUIZA,3225.0,EC140255,EL ROSARIO
EC14,MORONA SANTIAGO,EC1402,GUALAQUIZA,5425.0,EC140201,GUALAQUIZA
EC14,MORONA SANTIAGO,EC1402,GUALAQUIZA,5655.0,EC140202,MERCEDES MOLINA
EC14,MORONA SANTIAGO,EC1402,GUALAQUIZA,2565.0,EC140256,NUEVA TARQUI
EC14,MORONA SANTIAGO,EC1402,GUALAQUIZA,3580.0,EC140257,SAN MIGUEL DE CUYES
EC14,MORONA SANTIAGO,EC1407,HUAMBOYA,875.0,EC140751,CHIGUAZA
EC14,MORONA SANTIAGO,EC1407,HUAMBOYA,6390.0,EC140750,HUAMBOYA
EC14,MORONA SANTIAGO,EC1403,LIMON INDANZA,5390.0,EC140350,GENERAL LEONIDAS PLAZA GUTIERREZ
EC14,MORONA SANTIAGO,EC1403,LIMON INDANZA,1720.0,EC140351,INDANZA
EC14,MORONA SANTIAGO,EC1403,LIMON INDANZA,3320.0,EC140353,SAN ANTONIO
EC14,MORONA SANTIAGO,EC1403,LIMON INDANZA,3250.0,EC140356,SAN MIGUEL DE CONCHAY
EC14,MORONA SANTIAGO,EC1403,LIMON INDANZA,3760.0,EC140357,SANTA SUSANA DE CHIVIAZA
EC14,MORONA SANTIAGO,EC1403,LIMON INDANZA,4305.0,EC140358,YUNGANZA
EC14,MORONA SANTIAGO,EC1410,LOGRONO,6735.0,EC141050,LOGRONO
EC14,MORONA SANTIAGO,EC1410,LOGRONO,525.0,EC141052,SHIMPIS
EC14,MORONA SANTIAGO,EC1410,LOGRONO,4300.0,EC141051,YAUPI
EC14,MORONA SANTIAGO,EC1401,MORONA,65.0,EC140151,ALSHI
EC14,MORONA SANTIAGO,EC1401,MORONA,1250.0,EC140162,CUCHAENTZA
EC14,MORONA SANTIAGO,EC1401,MORONA,1345.0,EC140153,GENERAL PROANO
EC14,MORONA SANTIAGO,EC1401,MORONA,5615.0,EC140150,MACAS
EC14,MORONA SANTIAGO,EC1401,MORONA,1730.0,EC140164,RIO BLANCO
EC14,MORONA SANTIAGO,EC1401,MORONA,3440.0,EC140156,SAN ISIDRO
EC14,MORONA SANTIAGO,EC1401,MORONA,3830.0,EC140157,SEVILLA DON BOSCO
EC14,MORONA SANTIAGO,EC1401,MORONA,4485.0,EC140158,SINAI
EC14,MORONA SANTIAGO,EC1401,MORONA,4360.0,EC140160,ZUNA
EC14,MORONA SANTIAGO,EC1411,PABLO SEXTO,6870.0,EC141150,PABLO SEXTO
EC14,MORONA SANTIAGO,EC1404,PALORA,1685.0,EC140455,16 DE AGOSTO
EC14,MORONA SANTIAGO,EC1404,PALORA,155.0,EC140451,ARAPICOS
EC14,MORONA SANTIAGO,EC1404,PALORA,715.0,EC140452,CUMANDA
EC14,MORONA SANTIAGO,EC1404,PALORA,5760.0,EC140450,PALORA
EC14,MORONA SANTIAGO,EC1404,PALORA,3420.0,EC140454,SANGAY
EC14,MORONA SANTIAGO,EC1408,SAN JUAN BOSCO,2750.0,EC140851,PAN DE AZUCAR
EC14,MORONA SANTIAGO,EC1408,SAN JUAN BOSCO,3920.0,EC140852,SAN CARLOS DE LIMON
EC14,MORONA SANTIAGO,EC1408,SAN JUAN BOSCO,710.0,EC140853,SAN JACINTO DE WAKAMBEIS
EC14,MORONA SANTIAGO,EC1408,SAN JUAN BOSCO,6445.0,EC140850,SAN JUAN BOSCO
EC14,MORONA SANTIAGO,EC1408,SAN JUAN BOSCO,1785.0,EC140854,SANTIAGO DE PANANZA
EC14,MORONA SANTIAGO,EC1405,SANTIAGO,970.0,EC140552,CHUPIANZA
EC14,MORONA SANTIAGO,EC1405,SANTIAGO,645.0,EC140551,COPAL
EC14,MORONA SANTIAGO,EC1405,SANTIAGO,2795.0,EC140553,PATUCA
EC14,MORONA SANTIAGO,EC1405,SANTIAGO,1365.0,EC140557,SAN FRANCISCO DE CHINIMBIMI
EC14,MORONA SANTIAGO,EC1405,SANTIAGO,3565.0,EC140554,SAN LUIS DE EL ACHO
EC14,MORONA SANTIAGO,EC1405,SANTIAGO,5645.0,EC140550,SANTIAGO DE MENDEZ
EC14,MORONA SANTIAGO,EC1405,SANTIAGO,4115.0,EC140556,TAYUZA
EC14,MORONA SANTIAGO,EC1406,SUCUA,180.0,EC140651,ASUNCION
EC14,MORONA SANTIAGO,EC1406,SUCUA,1635.0,EC140652,HUAMBI
EC14,MORONA SANTIAGO,EC1406,SUCUA,1140.0,EC140655,SANTA MARIANITA DE JESUS
EC14,MORONA SANTIAGO,EC1406,SUCUA,6110.0,EC140650,SUCUA
EC14,MORONA SANTIAGO,EC1409,TAISHA,595.0,EC140951,HUASAGA
EC14,MORONA SANTIAGO,EC1409,TAISHA,2285.0,EC140952,MACUMA
EC14,MORONA SANTIAGO,EC1409,TAISHA,4575.0,EC140954,PUMPUENTSA
EC14,MORONA SANTIAGO,EC1409,TAISHA,6700.0,EC140950,TAISHA
EC14,MORONA SANTIAGO,EC1409,TAISHA,1205.0,EC140953,TUUTINENTSA
EC14,MORONA SANTIAGO,EC1412,TIWINTZA,1295.0,EC141251,SAN JOSE DE MORONA
EC14,MORONA SANTIAGO,EC1412,TIWINTZA,6890.0,EC141250,SANTIAGO
EC15,NAPO,EC1503,ARCHIDONA,5070.0,EC150350,ARCHIDONA
EC15,NAPO,EC1503,ARCHIDONA,685.0,EC150352,COTUNDO
EC15,NAPO,EC1503,ARCHIDONA,4630.0,EC150356,HATUN SUMAKU
EC15,NAPO,EC1503,ARCHIDONA,3605.0,EC150354,SAN PABLO DE USHPAYACU
EC15,NAPO,EC1509,CARLOS JULIO AROSEMENA TOLA,6760.0,EC150950,CARLOS JULIO AROSEMENA TOLA
EC15,NAPO,EC1504,EL CHACO,5510.0,EC150450,EL CHACO
EC15,NAPO,EC1504,EL CHACO,1020.0,EC150451,GONZALO DIAZ DE PINEDA
EC15,NAPO,EC1504,EL CHACO,2180.0,EC150452,LINARES
EC15,NAPO,EC1504,EL CHACO,2640.0,EC150453,OYACACHI
EC15,NAPO,EC1504,EL CHACO,3745.0,EC150454,SANTA ROSA
EC15,NAPO,EC1504,EL CHACO,3790.0,EC150455,SARDINAS
EC15,NAPO,EC1507,QUIJOS,5090.0,EC150750,BAEZA
EC15,NAPO,EC1507,QUIJOS,670.0,EC150751,COSANGA
EC15,NAPO,EC1507,QUIJOS,765.0,EC150752,CUYUJA
EC15,NAPO,EC1507,QUIJOS,2770.0,EC150753,PAPALLACTA
EC15,NAPO,EC1507,QUIJOS,3395.0,EC150754,SAN FRANCISCO DE BORJA
EC15,NAPO,EC1507,QUIJOS,3890.0,EC150756,SUMACO
EC15,NAPO,EC1501,TENA,25.0,EC150151,AHUANO
EC15,NAPO,EC1501,TENA,940.0,EC150153,CHONTAPUNTA
EC15,NAPO,EC1501,TENA,2755.0,EC150154,PANO
EC15,NAPO,EC1501,TENA,3000.0,EC150155,PUERTO MISAHUALLI
EC15,NAPO,EC1501,TENA,3050.0,EC150156,PUERTO NAPO
EC15,NAPO,EC1501,TENA,4580.0,EC150158,SAN JUAN DE MUYUNA
EC15,NAPO,EC1501,TENA,1930.0,EC150157,TALAG
EC15,NAPO,EC1501,TENA,6160.0,EC150150,TENA
EC16,PASTAZA,EC1604,ARAJUNO,6705.0,EC160450,ARAJUNO
EC16,PASTAZA,EC1604,ARAJUNO,735.0,EC160451,CURARAY
EC16,PASTAZA,EC1602,MERA,2310.0,EC160251,MADRE TIERRA
EC16,PASTAZA,EC1602,MERA,5650.0,EC160250,MERA
EC16,PASTAZA,EC1602,MERA,3840.0,EC160252,SHELL
EC16,PASTAZA,EC1601,PASTAZA,475.0,EC160152,CANELOS
EC16,PASTAZA,EC1601,PASTAZA,1025.0,EC160154,DIEZ DE AGOSTO
EC16,PASTAZA,EC1601,PASTAZA,1275.0,EC160166,EL TRIUNFO
EC16,PASTAZA,EC1601,PASTAZA,1260.0,EC160155,FATIMA
EC16,PASTAZA,EC1601,PASTAZA,2450.0,EC160156,MONTALVO
EC16,PASTAZA,EC1601,PASTAZA,3055.0,EC160157,POMONA
EC16,PASTAZA,EC1601,PASTAZA,5825.0,EC160150,PUYO
EC16,PASTAZA,EC1601,PASTAZA,3180.0,EC160158,RIO CORRIENTES
EC16,PASTAZA,EC1601,PASTAZA,3195.0,EC160159,RIO TIGRE
EC16,PASTAZA,EC1601,PASTAZA,3785.0,EC160161,SARAYACU
EC16,PASTAZA,EC1601,PASTAZA,4510.0,EC160162,SIMON BOLIVAR
EC16,PASTAZA,EC1601,PASTAZA,3985.0,EC160163,TARQUI
EC16,PASTAZA,EC1601,PASTAZA,4005.0,EC160164,TENIENTE HUGO ORTIZ
EC16,PASTAZA,EC1601,PASTAZA,4205.0,EC160165,VERACRUZ
EC16,PASTAZA,EC1603,SANTA CLARA,2100.0,EC160351,SAN JOSE
EC16,PASTAZA,EC1603,SANTA CLARA,6395.0,EC160350,SANTA CLARA
EC17,PICHINCHA,EC1702,CAYAMBE,165.0,EC170251,ASCAZUBI
EC17,PICHINCHA,EC1702,CAYAMBE,480.0,EC170252,CANGAHUA
EC17,PICHINCHA,EC1702,CAYAMBE,5190.0,EC170202,CAYAMBE
EC17,PICHINCHA,EC1702,CAYAMBE,5495.0,EC170203,JUAN MONTALVO
EC17,PICHINCHA,EC1702,CAYAMBE,2600.0,EC170253,OLMEDO
EC17,PICHINCHA,EC1702,CAYAMBE,2635.0,EC170254,OTON
EC17,PICHINCHA,EC1702,CAYAMBE,4620.0,EC170256,SAN JOSE DE AYORA
EC17,PICHINCHA,EC1702,CAYAMBE,3735.0,EC170255,SANTA ROSA DE CUZUBAMBA
EC17,PICHINCHA,EC1701,DISTRITO METROPOLITANO DE QUITO,30.0,EC170151,ALANGASI
EC17,PICHINCHA,EC1701,DISTRITO METROPOLITANO DE QUITO,80.0,EC170152,AMAGUANA
EC17,PICHINCHA,EC1701,DISTRITO METROPOLITANO DE QUITO,195.0,EC170153,ATAHUALPA
EC17,PICHINCHA,EC1701,DISTRITO METROPOLITANO DE QUITO,7130.0,EC170101,BELISARIO QUEVEDO
EC17,PICHINCHA,EC1701,DISTRITO METROPOLITANO DE QUITO,430.0,EC170154,CALACALI
EC17,PICHINCHA,EC1701,DISTRITO METROPOLITANO DE QUITO,440.0,EC170155,CALDERON
EC17,PICHINCHA,EC1701,DISTRITO METROPOLITANO DE QUITO,7135.0,EC170102,CARCELEN
EC17,PICHINCHA,EC1701,DISTRITO METROPOLITANO DE QUITO,7140.0,EC170103,CENTRO HISTORICO
EC17,PICHINCHA,EC1701,DISTRITO METROPOLITANO DE QUITO,855.0,EC170158,CHAVEZPAMBA
EC17,PICHINCHA,EC1701,DISTRITO METROPOLITANO DE QUITO,865.0,EC170159,CHECA
EC17,PICHINCHA,EC1701,DISTRITO METROPOLITANO DE QUITO,7155.0,EC170107,CHILIBULO
EC17,PICHINCHA,EC1701,DISTRITO METROPOLITANO DE QUITO,5260.0,EC170108,CHILLOGALLO
EC17,PICHINCHA,EC1701,DISTRITO METROPOLITANO DE QUITO,5015.0,EC170109,CHIMBACALLE
EC17,PICHINCHA,EC1701,DISTRITO METROPOLITANO DE QUITO,7145.0,EC170104,COCHAPAMBA
EC17,PICHINCHA,EC1701,DISTRITO METROPOLITANO DE QUITO,7150.0,EC170105,COMITE DEL PUEBLO
EC17,PICHINCHA,EC1701,DISTRITO METROPOLITANO DE QUITO,625.0,EC170156,CONOCOTO
EC17,PICHINCHA,EC1701,DISTRITO METROPOLITANO DE QUITO,5220.0,EC170106,COTOCOLLAO
EC17,PICHINCHA,EC1701,DISTRITO METROPOLITANO DE QUITO,725.0,EC170157,CUMBAYA
EC17,PICHINCHA,EC1701,DISTRITO METROPOLITANO DE QUITO,7160.0,EC170110,EL CONDADO
EC17,PICHINCHA,EC1701,DISTRITO METROPOLITANO DE QUITO,3100.0,EC170160,EL QUINCHE
EC17,PICHINCHA,EC1701,DISTRITO METROPOLITANO DE QUITO,1400.0,EC170161,GUALEA
EC17,PICHINCHA,EC1701,DISTRITO METROPOLITANO DE QUITO,7165.0,EC170111,GUAMANI
EC17,PICHINCHA,EC1701,DISTRITO METROPOLITANO DE QUITO,1440.0,EC170162,GUANGOPOLO
EC17,PICHINCHA,EC1701,DISTRITO METROPOLITANO DE QUITO,1475.0,EC170163,GUAYLLABAMBA
EC17,PICHINCHA,EC1701,DISTRITO METROPOLITANO DE QUITO,7170.0,EC170112,INAQUITO
EC17,PICHINCHA,EC1701,DISTRITO METROPOLITANO DE QUITO,7175.0,EC170113,ITCHIMBIA
EC17,PICHINCHA,EC1701,DISTRITO METROPOLITANO DE QUITO,7180.0,EC170114,JIPIJAPA
EC17,PICHINCHA,EC1701,DISTRITO METROPOLITANO DE QUITO,7185.0,EC170115,KENNEDY
EC17,PICHINCHA,EC1701,DISTRITO METROPOLITANO DE QUITO,7190.0,EC170116,LA ARGELIA
EC17,PICHINCHA,EC1701,DISTRITO METROPOLITANO DE QUITO,7195.0,EC170117,LA CONCEPCION
EC17,PICHINCHA,EC1701,DISTRITO METROPOLITANO DE QUITO,7200.0,EC170118,LA ECUATORIANA
EC17,PICHINCHA,EC1701,DISTRITO METROPOLITANO DE QUITO,7205.0,EC170119,LA FERROVIARIA
EC17,PICHINCHA,EC1701,DISTRITO METROPOLITANO DE QUITO,5535.0,EC170120,LA LIBERTAD
EC17,PICHINCHA,EC1701,DISTRITO METROPOLITANO DE QUITO,5540.0,EC170121,LA MAGDALENA
EC17,PICHINCHA,EC1701,DISTRITO METROPOLITANO DE QUITO,7210.0,EC170122,LA MENA
EC17,PICHINCHA,EC1701,DISTRITO METROPOLITANO DE QUITO,2055.0,EC170164,LA MERCED
EC17,PICHINCHA,EC1701,DISTRITO METROPOLITANO DE QUITO,2265.0,EC170165,LLANO CHICO
EC17,PICHINCHA,EC1701,DISTRITO METROPOLITANO DE QUITO,2275.0,EC170166,LLOA
EC17,PICHINCHA,EC1701,DISTRITO METROPOLITANO DE QUITO,7215.0,EC170123,MARISCAL SUCRE
EC17,PICHINCHA,EC1701,DISTRITO METROPOLITANO DE QUITO,2525.0,EC170168,NANEGAL
EC17,PICHINCHA,EC1701,DISTRITO METROPOLITANO DE QUITO,2530.0,EC170169,NANEGALITO
EC17,PICHINCHA,EC1701,DISTRITO METROPOLITANO DE QUITO,2540.0,EC170170,NAYON
EC17,PICHINCHA,EC1701,DISTRITO METROPOLITANO DE QUITO,2560.0,EC170171,NONO
EC17,PICHINCHA,EC1701,DISTRITO METROPOLITANO DE QUITO,2690.0,EC170172,PACTO
EC17,PICHINCHA,EC1701,DISTRITO METROPOLITANO DE QUITO,2825.0,EC170174,PERUCHO
EC17,PICHINCHA,EC1701,DISTRITO METROPOLITANO DE QUITO,2855.0,EC170175,PIFO
EC17,PICHINCHA,EC1701,DISTRITO METROPOLITANO DE QUITO,2895.0,EC170176,PINTAG
EC17,PICHINCHA,EC1701,DISTRITO METROPOLITANO DE QUITO,2925.0,EC170177,POMASQUI
EC17,PICHINCHA,EC1701,DISTRITO METROPOLITANO DE QUITO,7220.0,EC170124,PONCEANO
EC17,PICHINCHA,EC1701,DISTRITO METROPOLITANO DE QUITO,2980.0,EC170178,PUELLARO
EC17,PICHINCHA,EC1701,DISTRITO METROPOLITANO DE QUITO,2985.0,EC170179,PUEMBO
EC17,PICHINCHA,EC1701,DISTRITO METROPOLITANO DE QUITO,7225.0,EC170125,PUENGASI
EC17,PICHINCHA,EC1701,DISTRITO METROPOLITANO DE QUITO,7230.0,EC170126,QUITUMBE
EC17,PICHINCHA,EC1701,DISTRITO METROPOLITANO DE QUITO,7235.0,EC170127,RUMIPAMBA
EC17,PICHINCHA,EC1701,DISTRITO METROPOLITANO DE QUITO,3325.0,EC170180,SAN ANTONIO
EC17,PICHINCHA,EC1701,DISTRITO METROPOLITANO DE QUITO,7240.0,EC170128,SAN BARTOLO
EC17,PICHINCHA,EC1701,DISTRITO METROPOLITANO DE QUITO,7245.0,EC170129,SAN ISIDRO DEL INCA
EC17,PICHINCHA,EC1701,DISTRITO METROPOLITANO DE QUITO,3475.0,EC170181,SAN JOSE DE MINAS
EC17,PICHINCHA,EC1701,DISTRITO METROPOLITANO DE QUITO,7250.0,EC170130,SAN JUAN
EC17,PICHINCHA,EC1701,DISTRITO METROPOLITANO DE QUITO,7255.0,EC170131,SOLANDA
EC17,PICHINCHA,EC1701,DISTRITO METROPOLITANO DE QUITO,3925.0,EC170183,TABABELA
EC17,PICHINCHA,EC1701,DISTRITO METROPOLITANO DE QUITO,4085.0,EC170184,TUMBACO
EC17,PICHINCHA,EC1701,DISTRITO METROPOLITANO DE QUITO,7260.0,EC170132,TURUBAMBA
EC17,PICHINCHA,EC1701,DISTRITO METROPOLITANO DE QUITO,4290.0,EC170185,YARUQUI
EC17,PICHINCHA,EC1701,DISTRITO METROPOLITANO DE QUITO,4325.0,EC170186,ZAMBIZA
EC17,PICHINCHA,EC1703,MEJIA,55.0,EC170351,ALOAG
EC17,PICHINCHA,EC1703,MEJIA,60.0,EC170352,ALOASI
EC17,PICHINCHA,EC1703,MEJIA,755.0,EC170353,CUTUGLAHUA
EC17,PICHINCHA,EC1703,MEJIA,850.0,EC170354,EL CHAUPI
EC17,PICHINCHA,EC1703,MEJIA,5620.0,EC170350,MACHACHI
EC17,PICHINCHA,EC1703,MEJIA,650.0,EC170355,MANUEL CORNEJO ASTORGA
EC17,PICHINCHA,EC1703,MEJIA,3960.0,EC170356,TAMBILLO
EC17,PICHINCHA,EC1703,MEJIA,4155.0,EC170357,UYUMBICHO
EC17,PICHINCHA,EC1704,PEDRO MONCAYO,2025.0,EC170451,LA ESPERANZA
EC17,PICHINCHA,EC1704,PEDRO MONCAYO,2330.0,EC170452,MALCHINGUI
EC17,PICHINCHA,EC1704,PEDRO MONCAYO,6145.0,EC170450,TABACUNDO
EC17,PICHINCHA,EC1704,PEDRO MONCAYO,4045.0,EC170453,TOCACHI
EC17,PICHINCHA,EC1704,PEDRO MONCAYO,4090.0,EC170454,TUPIGACHI
EC17,PICHINCHA,EC1708,PEDRO VICENTE MALDONADO,6415.0,EC170850,PEDRO VICENTE MALDONADO
EC17,PICHINCHA,EC1709,PUERTO QUITO,6125.0,EC170950,PUERTO QUITO
EC17,PICHINCHA,EC1705,RUMINAHUI,680.0,EC170551,COTOGCHOA
EC17,PICHINCHA,EC1705,RUMINAHUI,7535.0,EC170504,FAJARDO
EC17,PICHINCHA,EC1705,RUMINAHUI,3230.0,EC170552,RUMIPAMBA
EC17,PICHINCHA,EC1705,RUMINAHUI,6605.0,EC170502,SAN PEDRO DE TABOADA
EC17,PICHINCHA,EC1705,RUMINAHUI,6600.0,EC170503,SAN RAFAEL
EC17,PICHINCHA,EC1705,RUMINAHUI,5965.0,EC170501,SANGOLQUI
EC17,PICHINCHA,EC1707,SAN MIGUEL DE LOS BANCOS,2410.0,EC170751,MINDO
EC17,PICHINCHA,EC1707,SAN MIGUEL DE LOS BANCOS,6350.0,EC170750,SAN MIGUEL DE LOS BANCOS
EC18,TUNGURAHUA,EC1801,AMBATO,95.0,EC180151,AMBATILLO
EC18,TUNGURAHUA,EC1801,AMBATO,190.0,EC180152,ATAHUALPA
EC18,TUNGURAHUA,EC1801,AMBATO,5045.0,EC180101,ATOCHA - FICOA
EC18,TUNGURAHUA,EC1801,AMBATO,210.0,EC180153,AUGUSTO N. MARTINEZ
EC18,TUNGURAHUA,EC1801,AMBATO,5230.0,EC180102,CELIANO MONGE
EC18,TUNGURAHUA,EC1801,AMBATO,635.0,EC180154,CONSTANTINO FERNANDEZ
EC18,TUNGURAHUA,EC1801,AMBATO,800.0,EC180167,CUNCHIBAMBA
EC18,TUNGURAHUA,EC1801,AMBATO,5455.0,EC180103,HUACHI CHICO
EC18,TUNGURAHUA,EC1801,AMBATO,1625.0,EC180155,HUACHI GRANDE
EC18,TUNGURAHUA,EC1801,AMBATO,5445.0,EC180104,HUACHI LORETO
EC18,TUNGURAHUA,EC1801,AMBATO,1745.0,EC180156,IZAMBA
EC18,TUNGURAHUA,EC1801,AMBATO,1860.0,EC180157,JUAN BENIGNO VELA
EC18,TUNGURAHUA,EC1801,AMBATO,5560.0,EC180105,LA MERCED
EC18,TUNGURAHUA,EC1801,AMBATO,5605.0,EC180106,LA PENINSULA
EC18,TUNGURAHUA,EC1801,AMBATO,5545.0,EC180107,MATRIZ
EC18,TUNGURAHUA,EC1801,AMBATO,2435.0,EC180158,MONTALVO
EC18,TUNGURAHUA,EC1801,AMBATO,2775.0,EC180159,PASA
EC18,TUNGURAHUA,EC1801,AMBATO,2830.0,EC180160,PICAIHUA
EC18,TUNGURAHUA,EC1801,AMBATO,2860.0,EC180161,PILAGUIN
EC18,TUNGURAHUA,EC1801,AMBATO,5840.0,EC180108,PISHILATA
EC18,TUNGURAHUA,EC1801,AMBATO,3120.0,EC180162,QUISAPINCHA
EC18,TUNGURAHUA,EC1801,AMBATO,3355.0,EC180163,SAN BARTOLOME DE PINLLO
EC18,TUNGURAHUA,EC1801,AMBATO,3380.0,EC180164,SAN FERNANDO
EC18,TUNGURAHUA,EC1801,AMBATO,5945.0,EC180109,SAN FRANCISCO
EC18,TUNGURAHUA,EC1801,AMBATO,3730.0,EC180165,SANTA ROSA
EC18,TUNGURAHUA,EC1801,AMBATO,4065.0,EC180166,TOTORAS
EC18,TUNGURAHUA,EC1801,AMBATO,810.0,EC180168,UNAMUNCHO
EC18,TUNGURAHUA,EC1802,BANOS DE AGUA SANTA,5105.0,EC180250,BANOS
EC18,TUNGURAHUA,EC1802,BANOS DE AGUA SANTA,2270.0,EC180251,LLIGUA
EC18,TUNGURAHUA,EC1802,BANOS DE AGUA SANTA,3190.0,EC180252,RIO NEGRO
EC18,TUNGURAHUA,EC1802,BANOS DE AGUA SANTA,3200.0,EC180253,RIO VERDE
EC18,TUNGURAHUA,EC1802,BANOS DE AGUA SANTA,4135.0,EC180254,ULBA
EC18,TUNGURAHUA,EC1803,CEVALLOS,6555.0,EC180350,CEVALLOS
EC18,TUNGURAHUA,EC1804,MOCHA,6560.0,EC180450,MOCHA
EC18,TUNGURAHUA,EC1804,MOCHA,4555.0,EC180451,PINGUILI
EC18,TUNGURAHUA,EC1805,PATATE,4110.0,EC180551,EL TRIUNFO
EC18,TUNGURAHUA,EC1805,PATATE,2210.0,EC180552,LOS ANDES
EC18,TUNGURAHUA,EC1805,PATATE,5830.0,EC180550,PATATE
EC18,TUNGURAHUA,EC1805,PATATE,3885.0,EC180553,SUCRE
EC18,TUNGURAHUA,EC1806,QUERO,5835.0,EC180650,QUERO
EC18,TUNGURAHUA,EC1806,QUERO,4550.0,EC180651,RUMIPAMBA
EC18,TUNGURAHUA,EC1806,QUERO,4310.0,EC180652,YANAYACU MOCHAPATA
EC18,TUNGURAHUA,EC1807,SAN PEDRO DE PELILEO,335.0,EC180751,BENITEZ
EC18,TUNGURAHUA,EC1807,SAN PEDRO DE PELILEO,365.0,EC180752,BOLIVAR
EC18,TUNGURAHUA,EC1807,SAN PEDRO DE PELILEO,900.0,EC180754,CHIQUICHA
EC18,TUNGURAHUA,EC1807,SAN PEDRO DE PELILEO,675.0,EC180753,COTALO
EC18,TUNGURAHUA,EC1807,SAN PEDRO DE PELILEO,1185.0,EC180755,EL ROSARIO
EC18,TUNGURAHUA,EC1807,SAN PEDRO DE PELILEO,1320.0,EC180756,GARCIA MORENO
EC18,TUNGURAHUA,EC1807,SAN PEDRO DE PELILEO,1630.0,EC180757,GUAMBALO
EC18,TUNGURAHUA,EC1807,SAN PEDRO DE PELILEO,5780.0,EC180701,PELILEO
EC18,TUNGURAHUA,EC1807,SAN PEDRO DE PELILEO,5900.0,EC180702,PELILEO GRANDE
EC18,TUNGURAHUA,EC1807,SAN PEDRO DE PELILEO,3905.0,EC180758,SALASACA
EC18,TUNGURAHUA,EC1808,SANTIAGO DE PILLARO,295.0,EC180851,BAQUERIZO MORENO
EC18,TUNGURAHUA,EC1808,SANTIAGO DE PILLARO,5225.0,EC180801,CIUDAD NUEVA
EC18,TUNGURAHUA,EC1808,SANTIAGO DE PILLARO,1210.0,EC180852,EMILIO MARIA TERAN
EC18,TUNGURAHUA,EC1808,SANTIAGO DE PILLARO,2375.0,EC180853,MARCOS ESPINEL
EC18,TUNGURAHUA,EC1808,SANTIAGO DE PILLARO,5785.0,EC180802,PILLARO
EC18,TUNGURAHUA,EC1808,SANTIAGO DE PILLARO,2945.0,EC180854,PRESIDENTE URBINA
EC18,TUNGURAHUA,EC1808,SANTIAGO DE PILLARO,3300.0,EC180855,SAN ANDRES
EC18,TUNGURAHUA,EC1808,SANTIAGO DE PILLARO,3485.0,EC180856,SAN JOSE DE POALO
EC18,TUNGURAHUA,EC1808,SANTIAGO DE PILLARO,3585.0,EC180857,SAN MIGUELITO
EC18,TUNGURAHUA,EC1809,TISALEO,1375.0,EC180951,QUINCHICOTO
EC18,TUNGURAHUA,EC1809,TISALEO,5515.0,EC180950,TISALEO
EC19,ZAMORA CHINCHIPE,EC1907,CENTINELA DEL CONDOR,4600.0,EC190753,PANGUINTZA
EC19,ZAMORA CHINCHIPE,EC1907,CENTINELA DEL CONDOR,4385.0,EC190752,TRIUNFO DORADO
EC19,ZAMORA CHINCHIPE,EC1907,CENTINELA DEL CONDOR,6625.0,EC190750,ZUMBI
EC19,ZAMORA CHINCHIPE,EC1902,CHINCHIPE,915.0,EC190251,CHITO
EC19,ZAMORA CHINCHIPE,EC1902,CHINCHIPE,1145.0,EC190252,EL CHORRO
EC19,ZAMORA CHINCHIPE,EC1902,CHINCHIPE,2015.0,EC190254,LA CHONTA
EC19,ZAMORA CHINCHIPE,EC1902,CHINCHIPE,2955.0,EC190256,PUCAPAMBA
EC19,ZAMORA CHINCHIPE,EC1902,CHINCHIPE,2110.0,EC190259,SAN ANDRES
EC19,ZAMORA CHINCHIPE,EC1902,CHINCHIPE,6315.0,EC190250,ZUMBA
EC19,ZAMORA CHINCHIPE,EC1906,EL PANGUI,665.0,EC190651,EL GUISME
EC19,ZAMORA CHINCHIPE,EC1906,EL PANGUI,6355.0,EC190650,EL PANGUI
EC19,ZAMORA CHINCHIPE,EC1906,EL PANGUI,1015.0,EC190652,PACHICUTZA
EC19,ZAMORA CHINCHIPE,EC1906,EL PANGUI,945.0,EC190653,TUNDAYME
EC19,ZAMORA CHINCHIPE,EC1903,NANGARITZA,5520.0,EC190350,GUAYZIMI
EC19,ZAMORA CHINCHIPE,EC1903,NANGARITZA,4655.0,EC190353,NANKAIS
EC19,ZAMORA CHINCHIPE,EC1903,NANGARITZA,4570.0,EC190352,NUEVO PARAISO
EC19,ZAMORA CHINCHIPE,EC1903,NANGARITZA,1675.0,EC190351,ZURMI
EC19,ZAMORA CHINCHIPE,EC1908,PALANDA,1240.0,EC190851,EL PORVENIR DEL CARMEN
EC19,ZAMORA CHINCHIPE,EC1908,PALANDA,2170.0,EC190854,LA CANELA
EC19,ZAMORA CHINCHIPE,EC1908,PALANDA,6740.0,EC190850,PALANDA
EC19,ZAMORA CHINCHIPE,EC1908,PALANDA,4505.0,EC190852,SAN FRANCISCO DEL VERGEL
EC19,ZAMORA CHINCHIPE,EC1908,PALANDA,4195.0,EC190853,VALLADOLID
EC19,ZAMORA CHINCHIPE,EC1909,PAQUISHA,455.0,EC190951,BELLAVISTA
EC19,ZAMORA CHINCHIPE,EC1909,PAQUISHA,1120.0,EC190952,NUEVO QUITO
EC19,ZAMORA CHINCHIPE,EC1909,PAQUISHA,6885.0,EC190950,PAQUISHA
EC19,ZAMORA CHINCHIPE,EC1904,YACUAMBI,6215.0,EC190450,28 DE MAYO
EC19,ZAMORA CHINCHIPE,EC1904,YACUAMBI,2070.0,EC190451,LA PAZ
EC19,ZAMORA CHINCHIPE,EC1904,YACUAMBI,4105.0,EC190452,TUTUPALI
EC19,ZAMORA CHINCHIPE,EC1905,YANTZAZA,985.0,EC190551,CHICANA
EC19,ZAMORA CHINCHIPE,EC1905,YANTZAZA,2240.0,EC190553,LOS ENCUENTROS
EC19,ZAMORA CHINCHIPE,EC1905,YANTZAZA,6295.0,EC190550,YANTZAZA
EC19,ZAMORA CHINCHIPE,EC1901,ZAMORA,720.0,EC190151,CUMBARATZA
EC19,ZAMORA CHINCHIPE,EC1901,ZAMORA,6840.0,EC190101,EL LIMON
EC19,ZAMORA CHINCHIPE,EC1901,ZAMORA,1390.0,EC190152,GUADALUPE
EC19,ZAMORA CHINCHIPE,EC1901,ZAMORA,2155.0,EC190153,IMBANA
EC19,ZAMORA CHINCHIPE,EC1901,ZAMORA,3260.0,EC190155,SABANILLA
EC19,ZAMORA CHINCHIPE,EC1901,ZAMORA,1770.0,EC190158,SAN CARLOS DE LAS MINAS
EC19,ZAMORA CHINCHIPE,EC1901,ZAMORA,4010.0,EC190156,TIMBARA
EC19,ZAMORA CHINCHIPE,EC1901,ZAMORA,6305.0,EC190102,ZAMORA
EC20,GALAPAGOS,EC2002,ISABELA,6515.0,EC200250,PUERTO VILLAMIL
EC20,GALAPAGOS,EC2002,ISABELA,4165.0,EC200251,TOMAS DE BERLANGA
EC20,GALAPAGOS,EC2001,SAN CRISTOBAL,1220.0,EC200151,EL PROGRESO
EC20,GALAPAGOS,EC2001,SAN CRISTOBAL,4415.0,EC200152,ISLA SANTA MARIA FLOREANA
EC20,GALAPAGOS,EC2001,SAN CRISTOBAL,6510.0,EC200150,PUERTO BAQUERIZO MORENO
EC20,GALAPAGOS,EC2003,SANTA CRUZ,235.0,EC200351,BELLA VISTA
EC20,GALAPAGOS,EC2003,SANTA CRUZ,6505.0,EC200350,PUERTO AYORA
EC20,GALAPAGOS,EC2003,SANTA CRUZ,1985.0,EC200352,SANTA ROSA
EC21,SUCUMBIOS,EC2106,CASCALES,6325.0,EC210650,EL DORADO DE CASCALES
EC21,SUCUMBIOS,EC2106,CASCALES,4740.0,EC210653,NUEVA TRONCAL
EC21,SUCUMBIOS,EC2106,CASCALES,3750.0,EC210651,SANTA ROSA DE SUCUMBIOS
EC21,SUCUMBIOS,EC2106,CASCALES,1095.0,EC210652,SEVILLA
EC21,SUCUMBIOS,EC2107,CUYABENO,1555.0,EC210752,AGUAS NEGRAS
EC21,SUCUMBIOS,EC2107,CUYABENO,760.0,EC210751,CUYABENO
EC21,SUCUMBIOS,EC2107,CUYABENO,6765.0,EC210750,TARAPOA
EC21,SUCUMBIOS,EC2102,GONZALO PIZARRO,230.0,EC210251,EL REVENTADOR
EC21,SUCUMBIOS,EC2102,GONZALO PIZARRO,1090.0,EC210252,GONZALO PIZARRO
EC21,SUCUMBIOS,EC2102,GONZALO PIZARRO,6300.0,EC210250,LUMBAQUI
EC21,SUCUMBIOS,EC2102,GONZALO PIZARRO,3615.0,EC210254,PUERTO LIBRE
EC21,SUCUMBIOS,EC2101,LAGO AGRIO,4625.0,EC210160,10 DE AGOSTO
EC21,SUCUMBIOS,EC2101,LAGO AGRIO,1045.0,EC210152,DURENO
EC21,SUCUMBIOS,EC2101,LAGO AGRIO,1285.0,EC210155,EL ENO
EC21,SUCUMBIOS,EC2101,LAGO AGRIO,1330.0,EC210153,GENERAL FARFAN
EC21,SUCUMBIOS,EC2101,LAGO AGRIO,1795.0,EC210157,JAMBELI
EC21,SUCUMBIOS,EC2101,LAGO AGRIO,5710.0,EC210150,NUEVA LOJA
EC21,SUCUMBIOS,EC2101,LAGO AGRIO,1290.0,EC210156,PACAYACU
EC21,SUCUMBIOS,EC2101,LAGO AGRIO,1790.0,EC210158,SANTA CECILIA
EC21,SUCUMBIOS,EC2103,PUTUMAYO,2720.0,EC210351,PALMA ROJA
EC21,SUCUMBIOS,EC2103,PUTUMAYO,3005.0,EC210352,PUERTO BOLIVAR
EC21,SUCUMBIOS,EC2103,PUTUMAYO,6500,EC210350,PUERTO EL CARMEN DE PUTUMAYO
EC21,SUCUMBIOS,EC2103,PUTUMAYO,3020.0,EC210353,PUERTO RODRIGUEZ
EC21,SUCUMBIOS,EC2103,PUTUMAYO,4745.0,EC210355,SANSAHUARI
EC21,SUCUMBIOS,EC2103,PUTUMAYO,3705.0,EC210354,SANTA ELENA
EC21,SUCUMBIOS,EC2104,SHUSHUFINDI,2175.0,EC210451,LIMONCOCHA
EC21,SUCUMBIOS,EC2104,SHUSHUFINDI,2765.0,EC210452,PANACOCHA
EC21,SUCUMBIOS,EC2104,SHUSHUFINDI,600.0,EC210454,SAN PEDRO DE LOS COFANES
EC21,SUCUMBIOS,EC2104,SHUSHUFINDI,3645.0,EC210453,SAN ROQUE
EC21,SUCUMBIOS,EC2104,SHUSHUFINDI,6140.0,EC210450,SHUSHUFINDI
EC21,SUCUMBIOS,EC2104,SHUSHUFINDI,780.0,EC210455,SIETE DE JULIO
EC21,SUCUMBIOS,EC2105,SUCUMBIOS,1170.0,EC210551,EL PLAYON DE SAN FRANCISCO
EC21,SUCUMBIOS,EC2105,SUCUMBIOS,5525.0,EC210550,LA BONITA
EC21,SUCUMBIOS,EC2105,SUCUMBIOS,2095.0,EC210552,LA SOFIA
EC21,SUCUMBIOS,EC2105,SUCUMBIOS,3220.0,EC210553,ROSA FLORIDA
EC21,SUCUMBIOS,EC2105,SUCUMBIOS,3690.0,EC210554,SANTA BARBARA
EC22,ORELLANA,EC2202,AGUARICO,510.0,EC220251,CAPITAN AUGUSTO RIVADENEYRA
EC22,ORELLANA,EC2202,AGUARICO,630.0,EC220252,CONONACO
EC22,ORELLANA,EC2202,AGUARICO,5700.0,EC220201,NUEVO ROCAFUERTE
EC22,ORELLANA,EC2202,AGUARICO,3720.0,EC220253,SANTA MARIA DE HUIRIRIMA
EC22,ORELLANA,EC2202,AGUARICO,7485.0,EC220202,TIPUTINI
EC22,ORELLANA,EC2202,AGUARICO,4295.0,EC220255,YASUNI
EC22,ORELLANA,EC2201,FRANCISCO DE ORELLANA,1995.0,EC220153,ALEJANDRO LABAKA
EC22,ORELLANA,EC2201,FRANCISCO DE ORELLANA,1235.0,EC220151,DAYUMA
EC22,ORELLANA,EC2201,FRANCISCO DE ORELLANA,5815.0,EC220150,EL COCA (PUERTO FRANCISCO DE ORELLANA)
EC22,ORELLANA,EC2201,FRANCISCO DE ORELLANA,1560.0,EC220154,EL DORADO
EC22,ORELLANA,EC2201,FRANCISCO DE ORELLANA,1590.0,EC220155,EL EDEN
EC22,ORELLANA,EC2201,FRANCISCO DE ORELLANA,1810.0,EC220156,GARCIA MORENO
EC22,ORELLANA,EC2201,FRANCISCO DE ORELLANA,1565.0,EC220157,INES ARANGO
EC22,ORELLANA,EC2201,FRANCISCO DE ORELLANA,1820.0,EC220158,LA BELLEZA
EC22,ORELLANA,EC2201,FRANCISCO DE ORELLANA,1940.0,EC220159,NUEVO PARAISO
EC22,ORELLANA,EC2201,FRANCISCO DE ORELLANA,1945.0,EC220160,SAN JOSE DE GUAYUSA
EC22,ORELLANA,EC2201,FRANCISCO DE ORELLANA,1935.0,EC220161,SAN LUIS DE ARMENIA
EC22,ORELLANA,EC2201,FRANCISCO DE ORELLANA,1245.0,EC220152,TARACOA
EC22,ORELLANA,EC2203,LA JOYA DE LOS SACHAS,490.0,EC220351,ENOKANQUI
EC22,ORELLANA,EC2203,LA JOYA DE LOS SACHAS,6200.0,EC220350,LA JOYA DE LOS SACHAS
EC22,ORELLANA,EC2203,LA JOYA DE LOS SACHAS,1960.0,EC220355,LAGO SAN PEDRO
EC22,ORELLANA,EC2203,LA JOYA DE LOS SACHAS,2930.0,EC220352,POMPEYA
EC22,ORELLANA,EC2203,LA JOYA DE LOS SACHAS,1950.0,EC220356,RUMIPAMBA
EC22,ORELLANA,EC2203,LA JOYA DE LOS SACHAS,415.0,EC220353,SAN CARLOS
EC22,ORELLANA,EC2203,LA JOYA DE LOS SACHAS,3660.0,EC220354,SAN SEBASTIAN DEL COCA
EC22,ORELLANA,EC2203,LA JOYA DE LOS SACHAS,1955.0,EC220357,TRES DE NOVIEMBRE
EC22,ORELLANA,EC2203,LA JOYA DE LOS SACHAS,1965.0,EC220358,UNION MILAGRENA
EC22,ORELLANA,EC2204,LORETO,215.0,EC220451,AVILA
EC22,ORELLANA,EC2204,LORETO,6455.0,EC220450,LORETO
EC22,ORELLANA,EC2204,LORETO,1050.0,EC220452,PUERTO MURIALDO
EC22,ORELLANA,EC2204,LORETO,1680.0,EC220454,SAN JOSE DE DAHUANO
EC22,ORELLANA,EC2204,LORETO,3480.0,EC220453,SAN JOSE DE PAYAMINO
EC22,ORELLANA,EC2204,LORETO,400.0,EC220455,SAN VICENTE DE HUATICOCHA
EC23,SANTO DOMINGO DE LOS TSACHILAS,EC2302,LA CONCORDIA,7520.0,EC230250,LA CONCORDIA
EC23,SANTO DOMINGO DE LOS TSACHILAS,EC2302,LA CONCORDIA,4640.0,EC230252,LA VILLEGAS
EC23,SANTO DOMINGO DE LOS TSACHILAS,EC2302,LA CONCORDIA,4635.0,EC230251,MONTERREY
EC23,SANTO DOMINGO DE LOS TSACHILAS,EC2302,LA CONCORDIA,4645.0,EC230253,PLAN PILOTO
EC23,SANTO DOMINGO DE LOS TSACHILAS,EC2301,SANTO DOMINGO,5730.0,EC230101,ABRAHAM CALAZACON
EC23,SANTO DOMINGO DE LOS TSACHILAS,EC2301,SANTO DOMINGO,75.0,EC230151,ALLURIQUIN
EC23,SANTO DOMINGO DE LOS TSACHILAS,EC2301,SANTO DOMINGO,5860.0,EC230102,BOMBOLI
EC23,SANTO DOMINGO DE LOS TSACHILAS,EC2301,SANTO DOMINGO,6175.0,EC230103,CHIGUILPE
EC23,SANTO DOMINGO DE LOS TSACHILAS,EC2301,SANTO DOMINGO,1990.0,EC230156,EL ESFUERZO
EC23,SANTO DOMINGO DE LOS TSACHILAS,EC2301,SANTO DOMINGO,1755.0,EC230153,LUZ DE AMERICA
EC23,SANTO DOMINGO DE LOS TSACHILAS,EC2301,SANTO DOMINGO,4440.0,EC230152,PUERTO LIMON
EC23,SANTO DOMINGO DE LOS TSACHILAS,EC2301,SANTO DOMINGO,5870.0,EC230104,RIO TOACHI
EC23,SANTO DOMINGO DE LOS TSACHILAS,EC2301,SANTO DOMINGO,5865.0,EC230105,RIO VERDE
EC23,SANTO DOMINGO DE LOS TSACHILAS,EC2301,SANTO DOMINGO,1970.0,EC230154,SAN JACINTO DEL BUA
EC23,SANTO DOMINGO DE LOS TSACHILAS,EC2301,SANTO DOMINGO,2045.0,EC230157,SANTA MARIA DEL TOACHI
EC23,SANTO DOMINGO DE LOS TSACHILAS,EC2301,SANTO DOMINGO,6065.0,EC230106,SANTO DOMINGO DE LOS COLORADOS
EC23,SANTO DOMINGO DE LOS TSACHILAS,EC2301,SANTO DOMINGO,305.0,EC230155,VALLE HERMOSO
EC23,SANTO DOMINGO DE LOS TSACHILAS,EC2301,SANTO DOMINGO,6180.0,EC230107,ZARACAY
EC24,SANTA ELENA,EC2402,LA LIBERTAD,6610.0,EC240250,LA LIBERTAD
EC24,SANTA ELENA,EC2403,SALINAS,115.0,EC240351,ANCONCITO
EC24,SANTA ELENA,EC2403,SALINAS,6280.0,EC240301,CARLOS ESPINOZA LARREA
EC24,SANTA ELENA,EC2403,SALINAS,6270.0,EC240302,GENERAL ALBERTO ENRIQUEZ GALLO
EC24,SANTA ELENA,EC2403,SALINAS,1850.0,EC240352,JOSE LUIS TAMAYO
EC24,SANTA ELENA,EC2403,SALINAS,6925.0,EC240304,SANTA ROSA
EC24,SANTA ELENA,EC2403,SALINAS,6275.0,EC240303,VICENTE  ROCAFUERTE
EC24,SANTA ELENA,EC2401,SANTA ELENA,205.0,EC240151,ATAHUALPA
EC24,SANTA ELENA,EC2401,SANTA ELENA,5130.0,EC240101,BALLENITA
EC24,SANTA ELENA,EC2401,SANTA ELENA,820.0,EC240153,CHANDUY
EC24,SANTA ELENA,EC2401,SANTA ELENA,605.0,EC240152,COLONCHE
EC24,SANTA ELENA,EC2401,SANTA ELENA,2355.0,EC240154,MANGLARALTO
EC24,SANTA ELENA,EC2401,SANTA ELENA,1300.0,EC240156,SAN JOSE DE ANCON
EC24,SANTA ELENA,EC2401,SANTA ELENA,6040.0,EC240102,SANTA ELENA
EC24,SANTA ELENA,EC2401,SANTA ELENA,3915.0,EC240155,SIMON BOLIVAR
EC26,"EUROPA, ASIA, OCEANIA",DEU,ALEMANIA,9001.0,EC9001.0,C. E. EN BERLIN
EC26,"EUROPA, ASIA, OCEANIA",DEU,ALEMANIA,9002.0,EC9002.0,C. E. EN HAMBURGO
EC26,"EUROPA, ASIA, OCEANIA",AUS,AUSTRALIA,9005.0,EC9005.0,C. E. EN CAMBERRA
EC26,"EUROPA, ASIA, OCEANIA",AUS,AUSTRALIA,9004.0,EC9004.0,C. E. EN SYDNEY
EC26,"EUROPA, ASIA, OCEANIA",AUT,AUSTRIA,9006.0,EC9006.0,C. E. EN VIENA
EC26,"EUROPA, ASIA, OCEANIA",BLR,BELARUS,9088.0,EC9088.0,C. E. EN BELARUS
EC26,"EUROPA, ASIA, OCEANIA",BEL,BELGICA,9007.0,EC9007.0,C. E. EN BRUSELAS
EC26,"EUROPA, ASIA, OCEANIA",QAT,CATAR,9080.0,EC9080.0,C. E. EN DOHA
EC26,"EUROPA, ASIA, OCEANIA",CHN,CHINA,9020.0,EC9020.0,C. E. EN BEIJING
EC26,"EUROPA, ASIA, OCEANIA",CHN,CHINA,9075.0,EC9075.0,C. E. EN GUANZHOU
EC26,"EUROPA, ASIA, OCEANIA",CHN,CHINA,9068.0,EC9068.0,C. E. EN SHANGAI
EC26,"EUROPA, ASIA, OCEANIA",KOR,COREA (SUR) REPUBLICA DE,9016.0,EC9016.0,C. E. EN SEUL
EC26,"EUROPA, ASIA, OCEANIA",ESP,ESPANA,9074.0,EC9074.0,C. E. EN ALICANTE
EC26,"EUROPA, ASIA, OCEANIA",ESP,ESPANA,9023.0,EC9023.0,C. E. EN BARCELONA
EC26,"EUROPA, ASIA, OCEANIA",ESP,ESPANA,9024.0,EC9024.0,C. E. EN MADRID
EC26,"EUROPA, ASIA, OCEANIA",ESP,ESPANA,9066.0,EC9066.0,C. E. EN MALAGA
EC26,"EUROPA, ASIA, OCEANIA",ESP,ESPANA,9026.0,EC9026.0,C. E. EN MURCIA
EC26,"EUROPA, ASIA, OCEANIA",ESP,ESPANA,9021.0,EC9021.0,C. E. EN PALMA DE MALLORCA
EC26,"EUROPA, ASIA, OCEANIA",ESP,ESPANA,9025.0,EC9025.0,C. E. EN VALENCIA
EC26,"EUROPA, ASIA, OCEANIA",RUS,FEDERACION DE RUSIA,9060.0,EC9060.0,C. E. EN MOSCU
EC26,"EUROPA, ASIA, OCEANIA",FRA,FRANCIA,9036.0,EC9036.0,C. E. EN PARIS
EC26,"EUROPA, ASIA, OCEANIA",HUN,HUNGRIA,9040.0,EC9040.0,C. E. EN BUDAPEST
EC26,"EUROPA, ASIA, OCEANIA",IND,INDIA,9041.0,EC9041.0,C. E. EN NUEVA DELHI
EC26,"EUROPA, ASIA, OCEANIA",IDN,INDONESIA,9063.0,EC9063.0,C. E. EN YAKARTA
EC26,"EUROPA, ASIA, OCEANIA",IRN,IRAN,9079.0,EC9079.0,C. E. EN TEHERAN
EC26,"EUROPA, ASIA, OCEANIA",ISR,ISRAEL,9042.0,EC9042.0,C. E. EN TEL AVIV
EC26,"EUROPA, ASIA, OCEANIA",ITA,ITALIA,9044.0,EC9044.0,C. E. EN GENOVA
EC26,"EUROPA, ASIA, OCEANIA",ITA,ITALIA,9043.0,EC9043.0,C. E. EN MILAN
EC26,"EUROPA, ASIA, OCEANIA",ITA,ITALIA,9045.0,EC9045.0,C. E. EN ROMA
EC26,"EUROPA, ASIA, OCEANIA",JPN,JAPON,9046.0,EC9046.0,C. E. EN TOKIO
EC26,"EUROPA, ASIA, OCEANIA",MYS,MALASIA,9064.0,EC9064.0,C. E. EN KUALA LUMPUR
EC26,"EUROPA, ASIA, OCEANIA",NLD,PAISES BAJOS (HOLANDA),9049.0,EC9049.0,C. E. EN LA HAYA
EC26,"EUROPA, ASIA, OCEANIA",POL,POLONIA,9065.0,EC9065.0,C. E. EN VARSOVIA
EC26,"EUROPA, ASIA, OCEANIA",PRT,PORTUGAL,9070.0,EC9070.0,C. E. EN LISBOA
EC26,"EUROPA, ASIA, OCEANIA",GBR,REINO UNIDO DE GRAN BRETANA E IRLANDA DEL NORTE,9037.0,EC9037.0,C. E. EN LONDRES
EC26,"EUROPA, ASIA, OCEANIA",SGP,SINGAPUR,9081.0,EC9081.0,C. E. EN SINGAPUR
EC26,"EUROPA, ASIA, OCEANIA",SWE,SUECIA,9057.0,EC9057.0,C. E. EN ESTOCOLMO
EC26,"EUROPA, ASIA, OCEANIA",CHE,SUIZA,9058.0,EC9058.0,C. E. EN BERNA
EC26,"EUROPA, ASIA, OCEANIA",CHE,SUIZA,9059.0,EC9059.0,C. E. EN LAUSANNE
EC26,"EUROPA, ASIA, OCEANIA",TUR,TURQUIA,9078.0,EC9078.0,C. E. EN ANKARA
EC27,NORTE-AMERICA,CAN,CANADA,9010.0,EC9010.0,C. E. EN MONTREAL
EC27,NORTE-AMERICA,CAN,CANADA,9012.0,EC9012.0,C. E. EN OTTAWA
EC27,NORTE-AMERICA,CAN,CANADA,9011.0,EC9011.0,C. E. EN TORONTO
EC27,NORTE-AMERICA,USA,ESTADOS UNIDOS DE AMERICA,9071.0,EC9071.0,C. E. EN ATLANTA
EC27,NORTE-AMERICA,USA,ESTADOS UNIDOS DE AMERICA,9027.0,EC9027.0,C. E. EN CHICAGO
EC27,NORTE-AMERICA,USA,ESTADOS UNIDOS DE AMERICA,9033.0,EC9033.0,C. E. EN CONNECTICUT
EC27,NORTE-AMERICA,USA,ESTADOS UNIDOS DE AMERICA,9034.0,EC9034.0,C. E. EN HOUSTON
EC27,NORTE-AMERICA,USA,ESTADOS UNIDOS DE AMERICA,9032.0,EC9032.0,C. E. EN LOS ANGELES
EC27,NORTE-AMERICA,USA,ESTADOS UNIDOS DE AMERICA,9028.0,EC9028.0,C. E. EN MIAMI
EC27,NORTE-AMERICA,USA,ESTADOS UNIDOS DE AMERICA,9069.0,EC9069.0,C. E. EN MINNEAPOLIS
EC27,NORTE-AMERICA,USA,ESTADOS UNIDOS DE AMERICA,9035.0,EC9035.0,C. E. EN NEW JERSEY
EC27,NORTE-AMERICA,USA,ESTADOS UNIDOS DE AMERICA,9072.0,EC9072.0,C. E. EN NEW ORLEANS
EC27,NORTE-AMERICA,USA,ESTADOS UNIDOS DE AMERICA,9029.0,EC9029.0,C. E. EN NUEVA YORK
EC27,NORTE-AMERICA,USA,ESTADOS UNIDOS DE AMERICA,9073.0,EC9073.0,C. E. EN PHOENIX
EC27,NORTE-AMERICA,USA,ESTADOS UNIDOS DE AMERICA,9030.0,EC9030.0,C. E. EN SAN FRANCISCO
EC27,NORTE-AMERICA,USA,ESTADOS UNIDOS DE AMERICA,9031.0,EC9031.0,C. E. EN WASHINGTON
EC28,"LATAM, CARIBE, AFRICA",ARG,ARGENTINA,9003.0,EC9003.0,C. E. EN BUENOS AIRES
EC28,"LATAM, CARIBE, AFRICA",BOL,BOLIVIA,9008.0,EC9008.0,C. E. EN LA PAZ
EC28,"LATAM, CARIBE, AFRICA",BRA,BRASIL,9009.0,EC9009.0,C. E. EN BRASILIA
EC28,"LATAM, CARIBE, AFRICA",BRA,BRASIL,9083.0,EC9083.0,C. E. EN RIO DE JANEIRO
EC28,"LATAM, CARIBE, AFRICA",BRA,BRASIL,9067.0,EC9067.0,C. E. EN SAO PAULO
EC28,"LATAM, CARIBE, AFRICA",CHL,CHILE,9019.0,EC9019.0,C. E. EN SANTIAGO
EC28,"LATAM, CARIBE, AFRICA",COL,COLOMBIA,9013.0,EC9013.0,C. E. EN BOGOTA
EC28,"LATAM, CARIBE, AFRICA",COL,COLOMBIA,9014.0,EC9014.0,C. E. EN CALI
EC28,"LATAM, CARIBE, AFRICA",COL,COLOMBIA,9015.0,EC9015.0,C. E. EN IPIALES
EC28,"LATAM, CARIBE, AFRICA",CRI,COSTA RICA,9017.0,EC9017.0,C. E. EN SAN JOSE
EC28,"LATAM, CARIBE, AFRICA",CUB,CUBA,9018.0,EC9018.0,C. E. EN LA HABANA
EC28,"LATAM, CARIBE, AFRICA",EGY,EGIPTO,9055.0,EC9055.0,C. E. EN EL CAIRO
EC28,"LATAM, CARIBE, AFRICA",SLV,EL SALVADOR,9022.0,EC9022.0,C. E. EN SAN SALVADOR
EC28,"LATAM, CARIBE, AFRICA",GTM,GUATEMALA,9038.0,EC9038.0,C. E. EN GUATEMALA
EC28,"LATAM, CARIBE, AFRICA",HND,HONDURAS,9039.0,EC9039.0,C. E. EN TEGUCIGALPA
EC28,"LATAM, CARIBE, AFRICA",MEX,MEXICO,9047.0,EC9047.0,C. E. EN MEXICO
EC28,"LATAM, CARIBE, AFRICA",MEX,MEXICO,9086.0,EC9086.0,C. E. EN MONTERREY
EC28,"LATAM, CARIBE, AFRICA",MEX,MEXICO,9082.0,EC9082.0,C. E. EN TAPACHULA
EC28,"LATAM, CARIBE, AFRICA",NIC,NICARAGUA,9048.0,EC9048.0,C. E. EN MANAGUA
EC28,"LATAM, CARIBE, AFRICA",PAN,PANAMA,9050.0,EC9050.0,C. E. EN PANAMA
EC28,"LATAM, CARIBE, AFRICA",PRY,PARAGUAY,9051.0,EC9051.0,C. E. EN ASUNCION
EC28,"LATAM, CARIBE, AFRICA",PER,PERU,9052.0,EC9052.0,C. E. EN LIMA
EC28,"LATAM, CARIBE, AFRICA",PER,PERU,9053.0,EC9053.0,C. E. EN PIURA
EC28,"LATAM, CARIBE, AFRICA",PER,PERU,9054.0,EC9054.0,C. E. EN TUMBES
EC28,"LATAM, CARIBE, AFRICA",DOM,REPUBLICA DOMINICANA,9056.0,EC9056.0,C. E. EN SANTO DOMINGO
EC28,"LATAM, CARIBE, AFRICA",ZAF,SUDAFRICA,9077.0,EC9077.0,C. E. EN PRETORIA
EC28,"LATAM, CARIBE, AFRICA",URY,URUGUAY,9061.0,EC9061.0,C. E. EN MONTEVIDEO
EC28,"LATAM, CARIBE, AFRICA",VEN,VENEZUELA,9062.0,EC9062.0,C. E. EN CARACAS
EC28,"LATAM, CARIBE, AFRICA",VEN,VENEZUELA,9084.0,EC9084.0,C. E. EN MERIDA
EC28,"LATAM, CARIBE, AFRICA",VEN,VENEZUELA,9085.0,EC9025.0,C. E. EN VALENCIA
EC90,ZONA EN ESTUDIO,EC9006,JUVAL,,EC900651,JUVAL (CANAR-CHIMBORAZO)
