,2002,2004,2006,2007,2009,2013,2014,2019,2021,2023
 PRE/MP,,,,,10-65,,,,,
"""C""",,,,,,,,,,100
"""M R Y""",,,,,,,,,,62
"""MINGA""",,,,,,,,,,100
"""MIPC""",,,,,,,,,,62
(AC.P.PRO.BU.VI),,,,,,,,,,119
(M.I.F.U.),,,,,,,,,,102
(MP),,,,,,,,,,152
A-TSA,,,,,62,62,62,,,62
A.A.,,,62,,,,,,,
A.C.P.,,,,69,69,,,,,
A.D.I.,,42.0,,,,,,,,
A.E.A.,,42.0,,,,,,,,
A.G.U.A.,,,,,,,,,,101
A.P.P.,,,,,,,,,,113
A.T.I,,,,,,,,,,101
AA,60,43.0,62,62,64,,,,,
AAFA,,,,,62,,,,,
ABA,,,,,86,,,,,
AC,,,,71,,,,,,154
ACI,,,,89,89,,,,,
ACP,,,61,61,61,,,,,
ADE,,,,,,,,71,71,71
ADP,,,,,77,,,,,
AFE,,,,,,,,,,131
AFG,49,,,,,,,,,
AFID,,,,,70,,,,,
AGUA,,,,,,,101,,,
AHORA,,,,,,,,111,,111
AHORA/RETO/CREO,,,,,,,,,,65-33-21
AIRE,,,,,,,,117,,117
AJ,,,,,66,,,,,
AL,,,64,,,,,,,
ALBA,,,,44,22,,,,,
ALBA/MIM,,,,44-20,,,,,,
ALIANZA VERDE PROGRESISTA,,,62,,,,,,,
ALICAM,,,,,63,,,,,
ALPHA,,50.0,,,,,,,,
AMIGO,,51.0,,,,,,,,16
AMIGO/DSI/TU,,,,,,,,,,16-20-100
AMIGO/DSI/TU/MAS,,,,,,,,,,16-20-100-102
AMIGO/INCLUYENTE,,,,,,,,,,16-62
AN,14,,,,,,,,,
AN /MAA,14-41,,,,,,,,,
AN /PS-FA /DP-UDC,14-17-5,,,,,,,,,
AN /PS-FA /DP-UDC/MIAJ,14-17-5-28,,,,,,,,,
AP,,,,61,61,,,,,
APC,,,,,133,,,,,
APIE,44,,74,,,,,,,
APLA,,,,,73,,73,73,73,73
APLA/MPQ,,,,,,,,73-109,,
APLA/UP,,,,,,,,73-2,,
APPLV,,57.0,,,,,,,,
ARCHIPIELAGO !SI!,,,,,,63,,,,
ARCHIPIELAGO BSI!,,,,,,,63,,,
ARE,,,61,84,84,61,61,61,61,61
ARE/APLA,,,,,61-73,,,,,
AS,,,64,,68,,,,,
ASI,,,,,,,,,,110
ASI/SIN SIGLAS/SIN SIGLAS,,,,,,,,,,106-82-62
AST,,,,,,,,,,103
ATI,,101.0,73,,64,,101,,,
ATR,,,44,,,,,,,
ATR/MRBP,,,44-67,,,,,,,
AVANZA,,,,,,8,8,,,8
AVANZA-MAS,,,,,,8-64,,,,
AVANZA/AMIGO,,,,,,,,,,8-16
AVANZA/CREO,,,,,,,,,,8-21
AVANZA/CREO/CONSTRUYE,,,,,,,,,,8-21-25
AVANZA/DSI,,,,,,,,,,8-20
AVANZA/DSI/U.N.I.D.A.D.,,,,,,,,,,8-20-106
AVANZA/ID,,,,,,,,,,8-12
AVANZA/MAY,,,,,,,8-66,,,
AVANZA/MFC,,,,,,,8-61,,,
AVANZA/MIJ,,,,,,,8-152,,,
AVANZA/MIM,,,,,,,,,,8-61
AVANZA/MIRAS,,,,,,,8-101,,,
AVANZA/PID,,,,,,,,,,8-4
AVANZA/PS-FA,,,,,,8-17,8-17,,,
AVANZA/PSC,,,,,,,,,,8-6
AVANZA/PSE,,,,,,,,,,8-17
AVANZA/PSP,,,,,,,,,,8-3
AVANZA/SEA,,,,,,,8-103,,,
AVANZA/SIN SIGLAS,,,,,,,,,,8-100
AVANZA/SUMA,,,,,,,8-23,,,8-23
"AVANZA/SUMA/""SUR""",,,,,,,,,,8-23-100
AVANZA/UP,,,,,,,,,,8-2
AY,,42.0,65,,,,,,,
AY/INA,,,65-14,,,,,,,
C,,,,,,,,,,105
C23,,,,,70,,,,,
C4,,,23,23,23,,,,,
CAMINANTES,,,,,,,,,,62
CAMINANTES/MUP,,,,,,,,,,62-65
CAMINANTES/MUP/PSC/SUMA,,,,,,,,,,62-65-6-23
CAMINANTES/MUP/PSC/SUMA/MPCP,,,,,,,,,,62-65-6-23-103
CAMINANTES/MUP/PSC/SUMA/RENOVACION,,,,,,,,,,62-65-6-23-104
CAMINANTES/MUP/PSC/SUMA/SIN SIGLAS,,,,,,,,,,62-65-6-23-109
CAMINANTES/MUP/SUMA,,,,,,,,,,62-65-23
CAMINANTES/MUP/SUMA/MIR/PA,,,,,,,,,,62-65-23-106-113
CAMINO,,,,,,,,,,105
CAP,,,,133,133,,,,,
CC,,,,,71,,,,,
CC/UDC,,,,,71-5,,,,,
CCCH,,,,,,,,,,63
CD,,,70,,,,,1,1,1
CD/AMIGO,,,,,,,,,,1-16
CD/AMIGO/PSE,,,,,,,,,,1-16-17
CD/AMIGO/PSE/CONSTRUYE,,,,,,,,,,1-16-17-25
CD/AVANZA/DSI/U N E T E,,,,,,,,,,1-8-20-100
CD/AVANZA/DSI/U N E T E/U.N.I.D.A.D./M.I.C,,,,,,,,,,1-8-20-100-106-111
CD/CONSTRUYE/RETO/MAR-70/SIII,,,,,,,,,,1-25-33-70-88
CD/CONSTRUYE/RETO/SIII,,,,,,,,,,1-25-33-88
CD/CREO,,,,,,,,1-21,,
CD/CREO/CONSTRUYE,,,,,,,,,,1-21-25
CD/CREO/CONSTRUYE/RETO/R,,,,,,,,,,1-21-25-33-61
CD/CREO/MCU,,,,,,,,,,1-21-101
CD/CREO/MSP,,,,,,,,,,1-21-111
CD/DSI,,,,,,,,,,1-20
CD/FE/CREO/MC,,,,,,,,1-10-21-51,,
CD/ID,,,,,,,,,,1-12
CD/ID/MUPP,,,,,,,,,,1-12-18
CD/ID/SUMA,,,,,,,,,,1-12-23
CD/ID/SUMA/MOVER,,,,,,,,,,1-12-23-35
CD/INCLUYENTE,,,,,,,,,,1-62
CD/LEP/PSE/MDSI/MPAIS/MSUR,,,,,,,,1-9-17-20-35-100,,
CD/LID,,,,,,,,,,1-113
CD/MCAT,,,,,,,,,,1-62
CD/MDSI,,,,,,,,1-20,,
CD/MDSI/MPAIS/MSUR,,,,,,,,1-20-35-100,,
CD/MDSI/MPDC,,,,,,,,1-20-116,,
CD/MEU,,,,,,,,1-4,,
CD/MEU/MDSI,,,,,,,,1-4-20,,
CD/MEU/MDSI/MPAIS,,,,,,,,1-4-20-35,,
CD/MEU/MJS/PSE/MPAIS,,,,,,,,1-4-11-17-35,,
CD/MEU/MMPC,,,,,,,,1-4-112,,
CD/MEU/MPAIS,,,,,,,,1-4-35,,
CD/MFCS,,,,,,,,,1-5,
CD/MJS,,,,,,,,1-11,,
CD/MJS/PSE,,,,,,,,1-11-17,,
CD/MNDC,,,70-24,,,,,,,
CD/MNP,,,,,,,,1-33,,
CD/MNP/MEU,,,,,,,,1-33-4,,
CD/MOA,,,,,,,,,,1-61
CD/MOVER,,,,,,,,,,1-35
CD/MPAIS,,,,,,,,1-35,,
CD/MPAIS/MDSI,,,,,,,,1-35-20,,
CD/MRCH,,,,,,,,,,1-107
CD/MSUR/PSE,,,,,,,,1-17-100,,
CD/MUPP,,,,,,,,,,1-18
CD/MUPP/CREO/MC,,,,,,,,1-18-21-51,,
CD/PAEA,,,,,,,,1-7,,
CD/PID/PSE/DSI/CREO/SUMA/CONSTRUYE,,,,,,,,,,1-4-17-20-21-23-25
CD/PSE,,,,,,,,1-17,,1-17
CD/PSE/INCLUYENTE,,,,,,,,,,1-17-62
CD/PSE/MAS,,,,,,,,,,1-17-63
CD/PSE/RETO,,,,,,,,,,1-17-33
CD/PSP/PID/DSI/CREO/SUMA/CONSTRUYE,,,,,,,,,,1-3-4-20-21-23-25
CD/PSP/PID/PSE/DSI/CREO/SUMA/CONSTRUYE,,,,,,,,,,1-3-4-17-20-21-23-25
CD/PSP/PID/PSE/DSI/CREO/SUMA/CONSTRUYE/CRECER,,,,,,,,,,1-3-4-17-20-21-23-25-100
CD/PSP/PSC/AVANZA/SUMA,,,,,,,,,,1-3-6-8-23
CD/PSP/PSE,,,,,,,,,,1-3-17
CD/PSP/PSE/INCLUYENTE,,,,,,,,,,1-3-17-62
CD/RC,,,,,,,,,,1-5
CD/RETO,,,,,,,,,,1-33
"CD/RETO/""MP""",,,,,,,,,,1-33-62
CD/RETO/PID/CREO,,,,,,,,,,1-33-4-21
CD/S.P.,,,,,,,,,,1-114
CD/SIII/CREO/CONSTRUYE/PID/RETO,,,,,,,,,,1-88-21-25-4-33
CD/SIII/ID/RETO,,,,,,,,,,1-88-12-33
CD/SIII/MAR-70/AVANZA,,,,,,,,,,1-88-70-8
CD/SIII/RETO/CONSTRUYE/PID,,,,,,,,,,1-88-33-25-4
CD/SIII/UP/PID/AVANZA/ID/CONSTRUYE/RETO/MAR-70,,,,,,,,,,1-88-2-4-8-12-25-33-70
CD/SUMA,,,,,,,,1-23,,1-23
CD/SUMA/RETO,,,,,,,,,,1-23-33
CD/U N E T E,,,,,,,,,,1-100
CD/UE,,,,,,,,1-19,,
CD/UP,,,,,,,,,,1-2
CD/UP/DSI,,,,,,,,,,1-2-20
CD/UP/FE/CREO/MC,,,,,,,,1-2-10-21-51,,
CD/UP/MUPP,,,,,,,,,,1-2-18
CD/UP/MUPP/INCLUYENTE,,,,,,,,,,1-2-18-62
CD/UP/PSE,,,,,,,,,,1-2-17
CD/UP/PSP/PID/AVANZA/SIN SIGLAS,,,,,,,,,,1-2-3-4-8-63
CD/UP/PSP/PSE,,,,,,,,,,1-2-3-17
CD/UP/RETO,,,,,,,,,,1-2-33
CDP,,,,67,67,,,,,
CDP/MUPP-NP,,,,67-18,,,,,,
CE,,,,,,,,,25,
CE/MPAIS,,,,,,,,,25-35,
CEA,,60.0,,,,,,,,
CFP,4,4.0,4,4,4,,,,,
CFP-C,,,,,,,,,,114
CFP/DP-UDC,,405.0,,,,,,,,
CFP/DP-UDC/ID /MPD,,4051215.0,,,,,,,,
CFP/DP-UDC/MFC,,40549.0,,,,,,,,
CFP/DP-UDC/PS-FA /FADI/MFC,,405172649.0,,,,,,,,
CFP/ID,,412.0,,,,,,,,
CFP/ID /AN /MPZCH,4-12-14-42,,,,,,,,,
CFP/ID /MUPP-NP,,41218.0,,,,,,,,
CFP/ID /PS-FA,,41217.0,,,,,,,,
CFP/ID/PS-FA,,41217.0,,,,,,,,
CFP/MAPIE,,444.0,,,,,,,,
CFP/MCNP,4-21,,,,,,,,,
CFP/MFAI,,426.0,,,,,,,,
CFP/MFC,,449.0,,,,,,,,
CFP/MPS,4-24,,,,,,,,,
CFP/MUPP-NP,4-18,418.0,18-70,,,,,,,
CFP/PRE,,,,,4-10,,,,,
CFP/PRE/ID/PS-FA,,4101217.0,,,,,,,,
CFP/PRE/PS-FA,,41017.0,,,,,,,,
CFP/PS-FA,4-17,417.0,,,,,,,,
CFP/PSC,4-6,,,,,,,,,
CFP/PSC/PRE,,40610.0,,,,,,,,
CFP/UDC/ID/RED/PSC,,,4-5-12-29-6,,,,,,,
CI,,102.0,,,,,,,,
CNC,,47.0,,,,,,,,
CNF,,,,64,64,,,,,
CONSTRUYE,,,,,,,,,,25
CONSTRUYE/AMIGO,,,,,,,,,,25-16
CONSTRUYE/RETO,,,,,,,,,,25-33
CONSTRUYE/RETO/R,,,,,,,,,,25-33-61
CP,,,,,73,,,,,
CPC,,,,61,61,,,,,
CRECER,,,,,,,,,,100
CREO,,,,,,21,21,21,21,21
CREO/ADE,,,,,,,,,21-71,
CREO/ATI,,,,,,,,21-101,,
CREO/C,,,,,,,,,,21-105
CREO/CD,,,,,,,,21-1,,21-1
CREO/CONSTRUYE,,,,,,,,,,21-25
CREO/CUP,,,,,,,21-62,,,
CREO/CUP/MAIZ,,,,,,,21-62-105,,,
CREO/FE,,,,,,,,21-10,,
CREO/FE/MST,,,,,,,,21-10-62,,
CREO/FIEL,,,,,,,,21-103,,
CREO/MA,,,,,,,,21-65,,
CREO/MACHETE,,,,,,21-61,,,,
CREO/MAF,,,,,,,,21-101,,
CREO/MAS,,,,,,,,,21-63,
CREO/MBRF,,,,,,,21-102,,,
CREO/MC,,,,,,,,21-51,,
CREO/MCA,,,,,,,,21-106,,
CREO/MCAT,,,,,,,,21-62,,
CREO/MCUP/PAEA/FE/UE/MNP,,,,,,,,21-62-7-10-19-33,,
CREO/MCUP/PAEA/UE/MNP,,,,,,,,21-62-7-19-33,,
CREO/MFC,,,,,,,,21-106,,
CREO/MIL,,,,,,,21-103,,,
CREO/MPPC,,,,,,,,,,21-62
CREO/MR,,,,,,,21-61,,,
CREO/MSP,,,,,,,,21-72,,
CREO/MSP/MC,,,,,,,,21-72-125,,
CREO/MSP/MC/MIJ,,,,,,,,21-72-125-152,,
CREO/MSP/MJ,,,,,,,,21-72-123,,
CREO/MST,,,,,,,,21-62,,
CREO/MST/MNP,,,,,,,,21-62-33,,
CREO/MTC/PSC,,,,,,21-61-6,,,,
CREO/PAEA,,,,,,,,21-7,,
CREO/PSC,,,,,,,21-6,,21-6,
CREO/PSP,,,,,,,21-3,,,
CREO/PSP/MPMM,,,,,,,,21-3-69,,
CREO/PSP/PRIAN,,,,,,,21-3-7,,,
CREO/RENACE,,,,,,,,21-115,,
CREO/RETO,,,,,,,,,,21-33
CREO/SI ARI,,,,,,,,21-100,21-100,21-100
CREO/SI ARI/SIN SIGLAS,,,,,,,,,,21-100-103
CREO/SUMA,,,,,,,21-23,21-23,,21-23
CREO/SUMA/CONSTRUYE,,,,,,,,,,21-23-25
CREO/SUMA/CONSTRUYE/AVANZA,,,,,,,,,,21-23-25-8
CREO/UE,,,,,,,,21-19,,
CREO/UE/MNP,,,,,,,,21-19-33,,
CREO/UP,,,,,,,,21-2,,
CTC,,,,73,73,,,,,
CUDIS,,,,,67,,,,,
CUP,,,,,,62,62,,,
D.P.I.,,,,,,,,,,113
DC,,,,68,68,,,,,
DDT,,,,,74,,,,,
DH,,,,,,,,,,123
DM,,,,,,,,,,118
DP-UDC,5,5.0,,,,,,,,
DP-UDC/ID,5-12,512.0,,,,,,,,
DP-UDC/ID /MIDIC,,51246.0,,,,,,,,
DP-UDC/ID /MPD,,51215.0,,,,,,,,
DP-UDC/ID /MUPP-NP,,51218.0,,,,,,,,
DP-UDC/MAI,5-41,561.0,,,,,,,,
DP-UDC/MAPE,,541.0,,,,,,,,
DP-UDC/MAPO,5-44,551.0,,,,,,,,
DP-UDC/MIC,,541.0,,,,,,,,
DP-UDC/MIC /PS-FA,,54117.0,,,,,,,,
DP-UDC/MIEV,,541.0,,,,,,,,
DP-UDC/MIN,5-30,,,,,,,,,
DP-UDC/MINGA,,545.0,,,,,,,,
DP-UDC/MIP,,555.0,,,,,,,,
DP-UDC/MIRE /PSP,,54203.0,,,,,,,,
DP-UDC/MISN,,541.0,,,,,,,,
DP-UDC/MPD /PS-FA,,51517.0,,,,,,,,
DP-UDC/MPS,,524.0,,,,,,,,
DP-UDC/MQEA,,541.0,,,,,,,,
DP-UDC/MSASYB,,553.0,,,,,,,,
DP-UDC/MUCAL,5-44,,,,,,,,,
DP-UDC/MUPP-NP,,518.0,,,,,,,,
DP-UDC/PRE,,510.0,,,,,,,,
DP-UDC/PS-FA,5-17,517.0,,,,,,,,
DP-UDC/PS-FA /PSP,,51703.0,,,,,,,,
DP-UDC/PSC,,506.0,,,,,,,,
DP-UDC/PSC/AN,5-6-14,,,,,,,,,
DP-UDC/PSC/CEA,,50660.0,,,,,,,,
DP-UDC/PSC/MIEV,,50641.0,,,,,,,,
DP-UDC/PSC/MSI,,50643.0,,,,,,,,
DP-UDC/PSC/MUPP-NP,,50618.0,,,,,,,,
DP-UDC/PSP,,503.0,,,,,,,,
DP-UDC/PSP/MPS,,50324.0,,,,,,,,
DPM,,,,,,,,,,117
DSI,,,,,,,,,,20
DSI/AMIGO,,,,,,,,,,20-16
DSI/MIO,,,,,,,,,,20-104
DSI/MUPP,,,,,,,,,,20-18
DSI/PSC/PSP/AMIGO/MOVER,,,,,,,,,,20-6-3-16-35
DSI/RETO/AVANZA,,,,,,,,,,20-33-8
DSI/UP,,,,,,,,,,20-2
DSI/UP/A.P.P.,,,,,,,,,,20-2-113
DSI/UP/PSE,,,,,,,,,,20-2-17
EXU/D,,,,,,,,,,120
F.U.S.,,,,,,,,,,101
FACE,,,,,,,,,,151
FADE,51,,,,,,,,,
FADIC,,,,,,,105,,,105
FADIC/MPD,,,,,,,105-15,,,
FADQ,43,,,,,,,,,
FAP,,,,,81,,,,,
FAPU,,,,,,64,64,,,
FAR,,41.0,65,,75,,,,,
FBI,,,,,101,,,,,
FC,,49.0,,,,,,,,106
FC-NP,,44.0,,,,,,,,
FC-NP /MUPP-NP /MFC,,441845.0,,,,,,,,
FCC,,,,,92,,,,,
FCL,,48.0,,,,,,,,
FCP,,44.0,,,,,,,,
FDP,,,,,61,,,,,
FDR,,,,63,63,,,,,
FDUS,,42.0,,,,,,,,
FE,45,,,,,,,10,10,
FE'S,,,,,,,,,,105
FE/MAR,,,,,,,,10-70,,
FE/MBRF,,,,,,,,10-102,,
FE/MDSI/MNP,,,,,,,,10-20-33,,
FE/MNP,,,,,,,,10-33,,
FELA,,,,104,104,,,,,
FIEL,,,,,,,,,,103
FIMA,42,42.0,62,,,,,,,
FIN,,43.0,,,,,,,,
FIOT,,46.0,,,,,,,,
FIP,,102.0,,,75,,,,,153
FIP /PS-FA,,4617.0,,,,,,,,
FIR,,42.0,69,,,,,,,
FIR /FC-NP,,4244.0,,,,,,,,
FIRC,,,61,,,,,,,
FIT,,42.0,,,,,,,,
FJC,,53.0,,,,,,,,
FLC,,,,,,62,62,,,62
FM,,,,,,,,,,115
FMDT,,,,,131,,,,,
FN,,,65,65,65,,,,,
FN/MCND,,,,,65-51,,,,,
FNLD,,,,,,,,,,104
FP,,,,,,,,,,103
FPC,,,,,66,,,,,
FPM,,,,,70,,,,,
FPP,,47.0,,,,,,,,
FRANCUM,,,,70,70,,,,,
FRAS,,,,,70,,,,,
FRIN,,28.0,57,,,,,,,
FRIN /MFIRE,,2858.0,,,,,,,,
FRIU-J,43,,,,,,,,,
FRU,,,,,69,,,,,
FS,,44.0,,,,,,,,
FSA,,,,,115,,,,,
FSC,,,,85,85,,,,,
FSD,,,,,62,,,,,
FUCIL,,,,,102,,,,,
FUP,,,,,121,,,,,
FUS,,,71,,71,,,,,
FZCH,,45.0,,,,,,,,
GAL-PC,,,,,102,,,,,101
GANE,,,,,68,,,,,
GD,,47.0,,,,,,,,
GGM,,,,,,,152,,,152
GNC,,,,,63,,,,,
GP,,,,67,67,,,,,
GS,,,,112,112,,,,,
ID,12,12.0,12,12,12,,,12,12,12
ID - MPDID /MPD,12-15,,,,,,,,,
ID /AN,12-14,,,,,,,,,
ID /DP-UDC,12-5,1205.0,,,,,,,,
ID /M.I.A.,12-41,,,,,,,,,
ID /MAPE,,1241.0,,,,,,,,
ID /MCNP,12-21,,,,,,,,,
ID /MFC,,1249.0,,,,,,,,
ID /MIA,,1245.0,,,,,,,,
ID /MIOPT,,1246.0,,,,,,,,
ID /MPD,,1215.0,,,,,,,,
ID /MPD /MUPP-NP,,121518.0,,,,,,,,
ID /MPD /PS-FA,,121517.0,,,,,,,,
ID /MPD /PS-FA /CFP,,12151704.0,,,,,,,,
ID /MPS /PRE,,122410.0,,,,,,,,
ID /MUPP-NP,,1218.0,,,,,,,,
ID /MUPP-NP /FC-NP /MFC,,12184445.0,,,,,,,,
ID /MUPP-NP /MFC,,121845.0,,,,,,,,
ID /PPT,,1253.0,,,,,,,,
ID /PRE,,1210.0,,,,,,,,
ID /PRE /PSP,,121003.0,,,,,,,,
ID /PS-FA,,1217.0,,,,,,,,
ID /PSC,,1206.0,,,,,,,,
ID /PSP/MIC /PSC,,12034106.0,,,,,,,,
"ID/""SI ARI""/MINGA",,,,,,,,,,12-100-77
ID/AMIGO,,,,,,,,,,12-16
ID/AMIGO/CONSTRUYE/RETO,,,,,,,,,,12-16-25-33
ID/AVANZA,,,,,,,,,,12-8
ID/AVANZA/AMIGO/MUPP,,,,,,,,,,12-8-16-18
ID/AVANZA/MAR-70,,,,,,,,,,12-8-70
ID/AVANZA/PSC,,,,,,,,,,12-8-6
ID/AVANZA/RETO,,,,,,,,,,12-8-33
ID/CE,,,,,,,,,12-25,
ID/CE/MNP/MPAIS,,,,,,,,,12-25-33-35,
ID/CREO,,,,,,,,,,12-21
ID/DSI,,,,,,,,,,12-20
ID/FLC,,,,,,,,,,12-62
ID/M.I.A.Y.,,,,,,,,,,12-66
ID/MANA,,,,,12-14,,,,,
ID/MC,,,,,,,,,12-51,
ID/MDSI,,,,,,,,12-20,,
ID/MDSI/MV,,,,,,,,12-20-61,,
ID/MFC/MIC,,,,,12-63-66,,,,,
ID/MIN,,,12-64,,,,,,,
ID/MIRE,12-42,,,,,,,,,
ID/MMIN,,,,,12-24,,,,,
ID/MNP,,,,,,,,12-33,,
ID/MOVER,,,,,,,,,,12-35
ID/MPAT,,,,,,,,12-62,,
ID/MPC,,,,12-32,12-32,,,,,
ID/MPC/MNPNS,,,,,12-32-61,,,,,
ID/MPD,,,,12-15,12-15,,,,,
ID/MPD/PS-FA/MUPP-NP,,,,12-15-17-18,,,,,,
ID/MPD/RED,,,12-15-29,,,,,,,
ID/MPDC,,,,,12-75,,,,,
ID/MPIOP,,,,,12-62,,,,,
ID/MPS,,,,,,,,12-63,,
ID/MRM,,,,,12-118,,,,,
ID/MUPP-NP,,,,,12-18,,,,,
ID/MUPP-NP/MPC,,,,,12-18-32,,,,,
ID/MUPP-NP/RED,,,,,12-18-29,,,,,
ID/MUPP/UP/CRECER,,,,,,,,,,12-18-2-100
ID/MV,,,,,,,,12-61,,
ID/PID,,,,,,,,,,12-4
ID/PPA,,,,,,,,12-8,,
ID/PRE/CFP/PS-FA,,12100417.0,,,,,,,,
ID/PS-FA,,,,12-17,12-17,,,,,
ID/PS-FA/MUPP-NP,,,,,12-17-18,,,,,
ID/PS-FA/PRE,,,,,12-17-10,,,,,
ID/PSE,,,,,,,,12-17,,
ID/PSE/MDSI,,,,,,,,12-17-20,,
ID/PSE/PSP,,,,,,,,,,12-17-3
ID/PSP,,,,,,,,,,12-3
ID/RED,,,12-29,,,,,,,
ID/RED/AL,,,12-29-64,,,,,,,
ID/RED/FIMA,,,12-29-62,,,,,,,
ID/RED/MPFC,,,12-29-64,,,,,,,
ID/RETO,,,,,,,,,,12-33
ID/SIN SIGLAS/SIN SIGLAS,,,,,,,,,,12-62-82
ID/UP,,,,,,,,12-2,,12-2
IDC,,,,,,65,65,,,
IDC/AVANZA,,,,,,,65-8,,,
IDC/MUH,,,,,,,65-102,,,
ILS,,,,,68,,,,,
INA,,,14,14,,,,,,
INA/MRD,,,14-34,,,,,,,
INCLUYENTE,,,,,,,,,,62
IP,,,,,61,,,,,
IP/MPC,,,,,61-32,,,,,
IRHID,,,,,76,,,,,
J,,,,,,,,,,70
JA,,,,,73,,,,,
JD,,,61,,,,,,,
JLA,,,,66,66,,,,,
JRY,,,,,108,,,,,
JSC,,,,,,,,,,120
JSPU,,,51,,,,,,,
JUNIDOS,,,,,,,,,,123
JUNTOS,,,,,,,,,,110
JUNTOS POR EL PROGRESO,,,,,,,,,,123
KOGA,,,68,,,,,,,
LA MINGA,,45.0,,,,,,,,
LC,,,,,,61,61,,,
LEP,,,,,,,,9,9,
LEP/CE,,,,,,,,,9-25,
LEP/MEU/CD,,,,,,,,9-4-1,,
LEP/MPAC,,,,,,,,9-102,,
LEP/MU,,,,,,,,9-106,,
LID,,,,,,,,,,113
LIDER,,,,,,,,,,111
LIDERA-CARCHI,,,,,,,,,,66
LM,,,,,,,,,,106
LM/PSE,,,,,,,,,,106-17
M R Y,,,,,,,,,,62
M UNA VIA,,,,,,,61,,,
M-5F,,,,,,,,,,102
M-TNT,41,,,,,,,,,
M. PRIP,,,25,,,,,,,
M.A.,,43.0,63,63,63,,,,,103
M.A./PRE,,,63-10,,,,,,,
M.A.C.,,,,,,,,,,102
M.A.P,,,,,67,,,,,
M.A.P.E.,41,,,,,,,,,
M.A.S,,,,,,,,,,102
M.A.S.,,,,73,73,,,,,62
M.C.A,,,,,,,,,,106
M.C.P,,,,,,,,,,101
M.C.P/MIPC,,,,,,,,,,101-62
M.D.U.,,,,,,,,,,108
M.D.U./SOMOS LIBRES,,,,,,,,,,108-62
M.F.P.,,,,,19,,,,,
M.I.A.,41,41.0,,,,,,,,
M.I.A.Y.,,,,,,,,,,66
M.I.C,,,,,,,,,,111
M.I.C.,41,,,,64,,,,,
M.I.C.R.,,,,,,,,,,108
M.I.D.C.,,,,,,,,,,151
M.I.I.P.T,,,,,,,,,,151
M.I.O.,,,,,,,,,,103
M.I.P,43,,,,,,,,,
M.I.P.,,,,,,,,,,101
M.I.R.A.S.,,,,,,,,,,101
M.M.G,,,,,,,,,,75
M.N.L.D,,,,,65,,,,,
M.P,,,,,,,,,,77
M.P.C,,,,,,,,,,112
M.P.F.A,,,,,,,,,,62
M.P.G,,,,,,,,,,114
M.P.J.P.D.M.,,,,,,,,,,151
M.P.U.P,,,,,,,,,,102
M.P.U.P.,,,,,,,,,,61
M.P.U.P./CONSTRUYE,,,,,,,,,,61-25
M.P.U.P./CREO,,,,,,,,,,61-21
M.R.A,,,,,69,,,,,101
M.R.B.,,,,,,,,,,101
M.R.T.,,,,,,,,,,101
M.S.M.,,,,,,,,,,63
M.S.U.A.P.,,,,,,,,,,151
M.T.O,,,,63,63,,,,,
M.U.C.,,,,,63,,,,,
M.U.R,,,,,,,,,,103
M.U.V.E,,,,,,,,,,105
M24 K,,,,,100,,,,,
MA,,52.0,,,126,,,103,65,
MAA,41,,,,,,,,,
MABA,,,,,,,,69,,
MAC,,,20,69,78,,63,,77,
MACC,,,,70,70,,,,,
MACC/MPC,,,,70-32,,,,,,
MACF,,,,,,,,110,,
MACFE,,,,,,,,,,110
MACH,,,,,,,,102,,102
MACHETE,,,,,,61,61,61,61,
MAD,,,61,,77,,,,,
MADN,,,,19,,,,,,
MADN/MUNAP,,,,19-62,,,,,,
MAE,,,,53,53,,,,,
MAE/MCSXXI/MTF,,,,53-45-39,,,,,,
MAEL,,,,67,67,,,,,
MAEP,,,,,403,,,,,
MAEPE,,,,403,,,,,,
MAER,42,,,,,,,,,
MAF,,,,,,,101,,,101
MAFC,,,,43,,,,,,
MAG,,,,,130,,,,,
MAH,,,38,66,120,,,,,
MAI,41,47.0,,96,96,,,,,
MAIS,,,,58,66,,101,101,,101
MAIS.,,,,,66,,,,,
MAIS/RETO,,,,,,,,,,101-33
MAIZ,,,,,,,105,,,105
MAK,,41.0,,,,,,102,,102
MAK /ID /PS-FA,,411217.0,,,,,,,,
MAN,,,52,,64,,,,,
MAN/MRL,,,,,64-65,,,,,
MANA,,,,31,14,,,,,
MANA/MBERP,,,,31-38,,,,,,
MANA/PSC,,,,31-6,,,,,,
MANA/PSC/MAP/CNF,,,,,14-6-66-64,,,,,
MAO,,48.0,,74,74,,,,,
MAP,43,,67,67,67,,,,,
MAPE,,41.0,58,62,62,,,,,
MAPIE,,44.0,,,30,,,,,
MAPO,44,51.0,,,,,,,,
MAPP,,,,,,,,113,,
MAR,,,,,70,70,102,102,70,102
MAR-70,,,,,,,,,,70
MAR/MRA,,,,,,,,70-101,,
MAR/PS-FA,,,,,70-17,,,,,
MARCA,,,,82,77,,,,,
MARCHA,,,,,,,,105,,105
MARM,,,,,,,,,,103
MARS,,,,,,,107,,,107
MAS,,45.0,73,63,69,64,63,120,63,108
MAS/MMIN,,,,,63-24,,,,,
MAS/MPAIS,,,,,,,,64-35,,
MAS/MPD,,,,,69-15,,,,,
MAS/MUPP-NP,,,,,69-18,,,,,
MAS/SUMA,,,,,,,151-23,,,
MAS/SUMA/MPAIS,,,,,,,,63-23-35,,
MASA,,,,68,68,,,,,
MASCH,,54.0,,,,,,,,
MASCH /DP-UDC,,5405.0,,,,,,,,
MASCH /MPD /PS-FA,,541517.0,,,,,,,,
MASI,,,,,,,,106,,
MASI/MNP/MPDR,,,,,,,,106-33-62,,
MAST,,,,,,,,103,,
MATE,,,,,,,,107,,107
MAY,,,,,,66,66,,,
MB,,25.0,,,,,,,,
MB RF,,,,,,,,,,102
MBA,,,55,33,77,,,104,,104
MBERP,,,,38,38,,,,,
MBERP/MASA,,,,,38-68,,,,,
MBERP/MFE,,,,38-152,,,,,,
MBERP/RED,,,,,38-29,,,,,
MBRF,,,,,,,102,,,
MBZCH,,,,67,67,,,,,
MBZCH-FAR,,,63,,,,,,,
MBZCH-FAR/MPAIS,,,63-35,,,,,,,
MC,,,,406,406,,,104,100,109
MC/DPM/R/RETO/CONSTRUYE/AVANZA,,,,,,,,,,150-117-61-33-25-8
MC/MJ,,,,,,,,51-70,,
MC/SUMA,,,,,,,,111-23,,
MC251,,,,251,251,,,,,
MC252,,,,252,252,,,,,
MC254,,,,254,254,,,,,
MCA,,,,,62,,106,,,
MCAL,,,,,67,,,,,
MCAT,,,,,,62,62,,62,62
MCC,,,,61,62,,101,101,,101
MCC/MPD,,,,,69-15,,,,,
MCC/SIN SIGLAS/PSC,,,,,,,,,,101-61-6
MCCD,,,,,77,,,,,
MCCP,,,,,,,101,,,
MCD,,,,,,,61,,,
MCD SI,,,,136,136,,,,,
MCF,,56.0,,,,,,,,
MCFJ,,,,63,63,,,,,
MCFO,44,,,,,,,,,
MCH,,,,,77,,,,,
MCHI,,,,,135,,,,,
MCHONTA,,,,,,,,,,104
MCHP,,,,63,63,,,,,
MCI,41,41.0,,,,,,,,
MCICAF,,55.0,,,,,,,,
MCICP/SIII/CREO,,,,,,,,127-88-21,,
MCIFY,,,,99,99,,,,,
MCILM,,,,66,66,,,,,
MCL,,101.0,,,,,,,,
MCMENR,,,,401,401,,,,,
MCMG,,,,,75,,,,,
MCMR,,,,,72,,105,,,
MCN,,,39,25,25,,,,,
MCNC,,44.0,,,,,,,,
MCNC/MIAP/MUPP-NP,,444318.0,,,,,,,,
MCND,,,,51,51,,,,,
MCND/MFE,,,,51-152,,,,,,
MCND/PSP,,,,,51-3,,,,,
MCNP,21,,21,21,,,,,,
MCNP /MCI /UN - UNO,21-41-1,,,,,,,,,
MCNP /MIFC,21-42,,,,,,,,,
MCNP /UN - UNO,21-1,,,,,,,,,
MCNP/JINE,,,21-66,,,,,,,
MCOPIG,,,,,31,,,,,
MCP,,,,253,253,,,108,,127
MCP - 251,,,,251,251,,,,,
MCP - 252,,,,252,252,,,,,
MCPA,,,,49,,,,,,111
MCPA/MAFC/MPFC,,,,49-43-47,,,,,,
MCPA/MPFC/MAFC/PHC,,,,49-47-43-74,,,,,,
MCPQ,,,,,81,,,,,
MCR,,,,,76,,,107,,
MCS,,,,,,,,102,,
MCSC,,56.0,,,,,,,,
MCSXXI,,,,45,45,,,,,
MCSXXI/MAE/MTF,,,,45-53-39,,,,,,
MCU,,,,,,,101,,,101
MCU/MPAIS,,,,,,,,107-35,,
MCUMT,,,,,157,,,,,
MCUP,,,,,,,,62,62,
MCVA,,,,65,65,,,,,
MD,,41.0,,,,,,,,
MDD,,,,,70,,,,,
MDE,,,,,21,,,,,
MDG,,,,,,75,75,,,
MDH,,,,,,,,123,,
MDIP,,106.0,,,129,,,,,
MDIP/MMIN,,,,,129-24,,,,,
MDM,,60.0,,,,,,,,
MDP,,57.0,,,106,,,,62,
MDP/PPA/PSE,,,,,,,,62-8-17,,
MDPD,,,,,63,,,,,
MDS,,,61,,158,,,,,
MDSA,,,,,77,,,,,
MDSI,,,,,,,,20,20,
MDSI/MAR,,,,,,,,20-70,,
MDSI/MC,,,,,,,,20-100,,
MDSI/MC/M5F/WOH,,,,,,,,20-100-102-103,,
MDSI/MPAIS,,,,,,,,20-35,,
MDSI/MPAIS/MPAU,,,,,,,,20-35-61,,
MDSI/MPAIS/MPAU/MPSY,,,,,,,,20-35-61-62,,
MDSI/MPAU,,,,,,,,20-61,,
MDSI/PSE/MPAIS,,,,,,,,20-17-35,,
MDSI/UP,,,,,,,,20-2,,
MDSI/UP/MNP/PSE,,,,,,,,20-2-33-17,,
MDSP,,,,,159,,,,,
MDTB,,,,,102,,,,,
MDV,,,,,68,,,,,
ME,,103.0,26,,,,,,,
MEAP,,,,154,,,,,,
MECP,,,,,,,,,,104
MED,,,,,76,,,,,
MEJOR,,,,,,,,100,100,100
MEP,,,,61,61,,,,,
MESA,,,65,65,65,,,,,
MET,,,,75,,,,,,
META,39,,,,,,,63,63,
METGO,,,,,71,,,,,
MEU,,,,,,,104,4,4,
MEU/LEP,,,,,,,,4-9,,
MEU/MDSI,,,,,,,,4-20,,
MEU/MPAIS,,,,,,,,4-35,,
MEU/MPAIS/MSUR,,,,,,,,4-35-100,,
MEU/MSUR,,,,,,,,4-100,,
MEU/PPA,,,,,,,,8-4,,
MEU/PPA/ID/MUPP/MPCD,,,,,,,,4-8-12-18-65,,
MEU/PPA/MUPP/MPCD,,,,,,,,4-8-18-65,,
MEU/PSC/MPR/MPAY,,,,,,,,4-6-61-66,,
MEU/PSE,,,,,,,,4-17,,
MEU/PSE/MPAIS,,,,,,,,4-17-35,,
MEUUYC,,,,402,402,,,,,
MFACE,,,,,,,151,,,
MFAI,,26.0,,,,,,,,
MFC,,45.0,32,63,63,,61,,,
MFC /ID,,5512.0,,,,,,,,
MFC /MUPP-NP,,5518.0,,,,,,,,
MFC /PS-FA,,4917.0,,,,,,,,
MFC/MPD,,,,,,,61-15,,,
MFCS,,,,,,,,5,5,
MFE,,,,152,152,,,,,
MFES,,,,,,,,105,,
MFIN,,,,,116,,,,,
MFIPPE,43,,,,,,,,,
MFIRE,,58.0,,,,,,,,
MFIT,,,,,102,,,,,
MFL,,,,,,,106,,,106
MFM,,,,,,,,115,,
MFNLD,,,,,,,104,,,
MFP,,51.0,,,72,,103,103,,103
MFPE,,,,,,,,114,,
MFRIN,,,,36,,,,,,
MFS,,,,,77,,,,,
MFU,,,,,65,,102,,,
MFUIE,,,,403,403,,,,,
MFUIE/MPD,,,,,403-15,,,,,
MFZCH,,,,63,,,,,,
MGA,,,,,62,,,,,
MGAC,,,,,109,,,,,
MGB,,,,,76,,102,102,,102
MGC,,,30,,,,,,,
MGD,,,,,96,,,,,
MGG,,,,,,,,111,,111
MGN,,,,,,,,,,97
MGP,,,,65,65,,,,,
MGPC,,,,,,,101,,,
MGSS,,,,110,110,,,,,
MHE,,,,402,402,,,,,
MHN,,,,27,27,,,,,
MHT,,,,,71,,,,,
MI,,101.0,,69,101,82,82,82,82,
MI/CREO,,,,,,,,82-21,,
MI/ID,,,,,82-12,,,,,
MI/MMIN,,,,,82-24,,,,,
MI/MMIN/ABA,,,,,82-24-86,,,,,
MI/MPDR,,,,,,,,,82-62,
MI/PS-FA/ID/MOPA,,,,,82-17-12-70,,,,,
MIA,,45.0,63,63,76,,,,,
MIA-E.C.,,,,,404,,,,,
MIA/ID,,4512.0,,,,,,,,
MIAB,,,62,61,61,,,,,
MIAC,,104.0,,,,,,,,
MIAEE,,,,405,405,,,,,
MIAJ,28,,,,,,,,,
MIAK,41,,41,,,,,,,
MIAK/ID/RED,,,41-12-29,,,,,,,
MIAN,43,,,,67,,,,,
MIAP,47,43.0,,66,66,,,,,
MIAP/UGA,,4348.0,,,,,,,,
MIAS,,105.0,,,,,,,,
MIASP,,,,,78,,,,,
MIASP/APLA,,,,,69-73,,,,,
MIASP/FAR/APLA,,,,,78-75-73,,,,,
MIAY,,59.0,66,66,68,,,,,
MIAY /PSP,,5903.0,,,,,,,,
MIAY/SUMATE,,,,,66-65,,,,,
MIB,42,,,,99,,,,,
MIB /MR2000,42-19,,,,,,,,,
MIBT,,,,,67,,,,,
MIC,46,52.0,64,80,74,,,,,
MIC /PS-FA,,4117.0,,,,,,,,
MIC/MIJS,,,,66-40,,,,,,
MIC/MPD,,,,,74-15,,,,,
MICA,,48.0,65,,,,,,,
MICA/UP,,,65-63,,,,,,,
MICC,,,,64,64,,,,,
MICH,,,,,67,,,,,
MICJ,,,63,,,,,,,
MICJ/MAS,,,63-73,,,,,,,
MICMS,41,,,,,,,,,
MICMS /DP-UDC,41-5,,,,,,,,,
MICQ,,,,,72,,,104,,104
MICR,,,,,,,108,,,
MID,,,,64,76,,,125,,125
MIDA,,,,,105,,,,,
MIDBCT,,102.0,,,,,,,,
MIDCIN,,59.0,,,,,,,,
MIDIC,,46.0,65,65,65,,,,,
MIDIZ,,114.0,,,,,,,,
MIDS,,,,,76,,,,,
MIE,,57.0,,,74,,,,,
MIE /MIDCIN,,5759.0,,,,,,,,
MIEC,,,,60,,,,,,
MIER,42,,,,,,,,,
MIEV,41,41.0,,,,,,,,
MIF,,,64,68,68,,,,,
MIFA,,,62,62,62,62,62,,,
MIFA/MPD,,,,,62-15,,,,,
MIFAD,41,,,,,,,,,
MIFC,42,46.0,,,,,,,,
MIFC /MCNP,42-21,,,,,,,,,
MIFC /PS-FA,,4617.0,,,,,,,,
MIFG,,,,61,61,,,,,
MIFIC,,,,,107,,,,,
MIFPP,,,,,,,,62,62,
MIFRA,,,,67,67,,,,,
MIIAY,,,63,,,,,,,
MIIP,,,,,104,,,,,
MIIZ,,,,,123,,,,,
MIIZ/MPD,,,,,123-15,,,,,
MIJ,,,62,,64,,152,,,152
MIJ/RED,,,62-29,,,,,,,
MIJM,,,,,75,,,,,
MIJS,,,,40,40,,,,,
MIJS/MNG/MAC,,,,40-65-66,,,,,,
MIL,,42.0,,59,66,,103,103,,103
MILC,,,,42,42,,,,,
MILC/MUPP-NP,,,,42-18,,,,,,
MILE,,,,,78,,,,,
MIM,,,67,20,65,,102,,,61
MIM/ALBA,,,,20-44,,,,,,
MIM/MBERP,,,,20-38,,,,,,
MIMI,,,,,,,61,,,
MIN,30,,64,64,64,,,,,
MIN/ID,,,64-12,,,,,,,
MIN2000,47,,,,,,,,,
MIN2000 /PS-FA,47-17,,,,,,,,,
MINA,,,,,,,,109,,109
MINCS,29,,,,,,,,,
MINE,,47.0,,,,,,,,
MINES,,,,,70,,,,,
MINGA,,41.0,63,63,91,,151,100,100,104
MINGA /MPD,,4515.0,,,,,,,,
MINGA /MUPI/MPD,,414215.0,,,,,,,,
MINGA/AVANZA,,,,,,,,,,100-8
MINGA/SUMA,,,,,,,,,,77-23
MINGAI,,,,,,,,151,,151
MINGAI/AVANZA,,,,,,,,,,151-8
MINH,,43.0,,,,,,,,
MINNV,,,31,,,,,,,
MINS,,49.0,,,,,,,,
MINV,,54.0,,,,,,,,
MINZA,43,43.0,,,64,,,,,
MIO,,47.0,,,,,,104,,104
MIOPT,,46.0,,,,,,,,
MIOS,,,,,,,,113,,113
MIOS/PSC,,,,,,,,,,113-6
MIOSA,,,,,62,,62,62,,
MIOSA/MIAY,,,,,62-68,,,,,
MIOSA/MMIN,,,,,62-24,,,,,
MIOSA/PS-FA,,,,,62-17,,,,,
MIP,42,42.0,61,61,73,,101,61,61,61
MIP /MUPP-NP,,4218.0,,,,,,,,
MIP /PRE,42-10,,,,,,,,,
MIP PASAJE,,,,,,,,,,103
MIP/MMIN,,,,,70-24,,,,,
MIP25M,,,,,78,,,,,
MIPA,,50.0,,,,,,,,
MIPB,,50.0,50,,,,,,,
MIPC,,,,,,,,62,62,62
MIPD,,,,50,,,,,,
MIPE,,,56,54,,,,,,
MIPG,,,,,68,,,,,
MIPG/APLA,,,,,68-73,,,,,
MIPL,,43.0,,,63,,,,,
MIPM,,51.0,,,,,,,,72
MIPMA,,,79,,79,,,,,
MIPMEA,,51.0,,,,,,,,
MIPP,27,,,,,,103,103,,
MIPRO,,,,,71,,,,,
MIPS,,,,,,,110,110,,110
MIPT,,,,,,,,151,,
MIPTC,,,,,87,,,,,
MIPTDOS,,49.0,,,,,,,,
MIPTP,,46.0,,,,,,,,
MIQ,,,,,68,,,,,
MIR,,,,,107,,,153,,153
MIR12,,,,,105,,,,,
MIRAD,,,,,,,101,,,101
MIRAS,,,,,,,101,,,
MIRAS/CREO,,,,,,,,101-21,,
MIRBE,,,,,72,,,,,
MIRBE/MITS,,,,,72-151,,,,,
MIRC,,,61,,,,,,,
MIRCT,,,,,70,,,,,
MIRE,42,51.0,,,,,,,,
MIRE/ID,,4212.0,,,,,,,,
MIRE/PSP,,4203.0,,,,,,,,
MIRECH,,,,,66,,,,,
MIRO,,,,,64,,,,,
MIRP,,29.0,,,,,,,,
MIRY,,,,,104,,,,,
MIS,,101.0,64,,97,,,,,
MISA,,,,66,66,,,,,
MISCI,,,,,69,,,,,
MISCP,42,,,,,,,,,
MISE,44,,,,,,,,,
MISI,,41.0,65,,,,,,,
MISJ,,,,,73,,,,,
MISM,,43.0,,,,,,,,
MISN,,41.0,,86,86,,,,,
MISOL-V,,,,,73,,,,,
MIT,,,,,132,,,,,
MITG,,,,61,,,,,,
MITN,42,,,61,61,,,,,
MITS,,,,151,151,,,,,
MITU,,,,,101,,151,151,,
MITU/MIUP,,,,,101-61,,,,,
MIUB,43,,65,,,,,,,
MIUC,42,109.0,,,122,,,,,
MIUCB,,,68,,,,,,,
MIUDC,,,,,72,,,,,
MIUM,,,,,67,,101,101,,101
MIUM - MSC,,,,,67-63,,,,,
MIUP,,,,61,61,,,,,
MIV,,,,,134,,,,,
MIVP,,,66,,,,,,,
MIVVP,,101.0,,,,,,,,
MIY2004,,105.0,,,,,,,,
MIZ,,,,,79,,,108,,108
MJ,25,44.0,,,,,,,70,
MJC,,,,,103,,,,,
MJCC,,,,,79,,,,,
MJE,,,,70,70,,,,,
MJEA,,,,132,132,,,,,
MJH,,,,83,83,,,,,
MJH/MAC,,,,83-99,,,,,,
MJPDM,,,,,,,,151,,
MJPP,,,,,,,,123,,
MJS,,,,,,,,11,11,
MJS/MPAIS/MPSY,,,,,,,,11-35-62,,
MJS/MPCD,,,,,,,,11-61,,
MJS/PSC/MEU,,,,,,,,11-6-4,,
MJS/PSE,,,,,,,,11-17,,
MJSC/PSC,,,,,,,,120-6,,
MJYC,,56.0,,,,,,,,
MLC,,,,,72,,66,66,66,
MLCH,,,,,67,,,,,
MLCH/MUPP-NP,,,,,67-18,,,,,
MLD,,,,,68,,,,,
MLFC,,,,,69,,,,,
MLID,,,,71,71,,,,,
MLID/PS-FA,,,,,71-17,,,,,
MLM,,107.0,67,,72,,,,,
MLP,,59.0,,,,,,,,
MLRP,,,,,117,,,,,
MLRT,,,,,,,101,101,,
MLT,,,,,110,,,,,
MMC,,,36,68,68,,,107,,
MMCH,,,,,,,,104,,
MMDG,,,,,,,,,75,
MME,,,,74,74,,,,,
MMIDP,,,,,,,,,,101
MMIN,,,,,24,,,,,
MMIN/ID/MPD/FN,,,,,24-12-15-65,,,,,
MMIN/ID/MPD/FN/MUPP-NP,,,,,24-12-15-65-18,,,,,
MMIN/ID/PS-FA/FN,,,,,24-12-17-65,,,,,
MMIN/MFE,,,,,24-73,,,,,
MMIN/MGA,,,,,24-62,,,,,
MMIN/MIFA,,,,,24-62,,,,,
MMIN/MPD,,,,,24-15,,,,,
MMIN/MPTS/PRE,,,,,24-66-10,,,,,
MMIN/MRA,,,,,24-72,,,,,
MMIN/MRSH,,,,,24-64,,,,,
MMIN/MUPP-NP,,,,,24-18,,,,,
MMIN/MUPP-NP/MPAIS,,,,,24-18-35,,,,,
MMIN/MV,,,,,24-102,,,,,
MMIN/MV/MRM,,,,,24-102-118,,,,,
MMIN/PRE,,,,,24-10,,,,,
MML,,,68,,,,,,,
MMPP/MUPP/UP/MEU,,,,,,,,103-18-2-4,,
MNA,23,,27,,,,,,,
MNC,,46.0,,,63,,,,,
MNCS,,,,55,55,,,,,
MNCS/ID,,,,,55-12,,,,,
MNDC,,,24,22,36,,,,,
MNE,,,,,114,,,,,
MNFD,,,63,63,63,,,,,
MNG,,,,65,65,,,95,95,95
MNH,43,,,,,,,,,
MNIM,,,,70,70,,,,,
MNLL,,,,,,,,108,,
MNM,,,,,71,,,,,
MNP,,,,,,,,33,33,
MNP/CD,,,,,,,,33-1,,
MNP/MPDR,,,,,,,,33-62,,
MNP/MPDR/UP,,,,,,,,33-62-2,,
MNP/MUPP/UP/PSP,,,,,,,,33-18-2-3,,
MNP/UP,,,,,,,,33-2,,
MNP/UP/MDSI/MEU/PSE,,,,,,,,33-2-20-4-17,,
MNP/UP/MDSI/MEU/PSE/CD,,,,,,,,33-2-20-4-17-1,,
MNP/UP/MDSI/MEU/PSP/MIA,,,,,,,,33-2-20-4-3-102,,
MNP/UP/PSP,,,,,,,,33-2-3,,
MNPC,,48.0,,,,,,,,
MNPNS,,,,61,61,,,,,
MNPNS/MPC,,,,,61-32,,,,,
MNS,,42.0,,,,,,,,
MNT,,,,,,,,151,,
MNTI,,,54,,,,,,,
MNV,,,,,96,,,,,
MO-DE-LO,,,,,76,,,,,
MOA,,,61,61,61,,61,61,61,61
MOA/CREO/PRE/AVANZA,,,,,,,61-21-10-8,,,
MOA/MNCS,,,,61-55,,,,,,
MOC,,101.0,,46,,,,,,
MOCE,,,,61,61,,,,,
MOI,,,,,75,,,,,
MOPA,,,,70,70,,,,,
MOPIN,,41.0,62,62,62,,,,,
MOPODE,,,,37,,,,,,
MORECH,,,,69,69,,,,,
MOREFLU,,,,64,64,,,,,
MOV-SI,,,,,,,,,,102
MOVAG,,,,,69,,,,,
MOVEME,,,,,106,,,,,
MOVER,,,,,,,,,,35
MOVER/ID,,,,,,,,,,35-12
MOVIDA,,,,,69,,,,,
MOVIMIENTO DE IDENTIDAD PROVINCIAL,,,,,,61,61,,,
MOVIMIENTO DE IDENTIDAD PROVINCIAL/PS-FA,,,,,,61-17,,,,
MOVIMIENTO DIGNIDAD Y VIDA,,,,,96,,,,,
MOVIPUN,,,,,,,,,,103
MP,,103.0,62,62,68,62,62,123,63,62
MP CAMBIEMOS,,,,,,,,,,106
MP/MMIN,,,,,65-24,,,,,
MP/PA,,,,,65-76,,,,,
MP/PSC,,,,,,,,63-6,,
MPA,,45.0,67,64,66,,,113,,
MPAC/MC,,,,,,,,154-51,,
MPAIS,,,35,35,35,35,35,35,35,
MPAIS/ACP/MUPP-NP,,,35-61-18,,,,,,,
MPAIS/AVANZA,,,,,,,35-8,,,
MPAIS/AVANZA/PS-FA,,,,,,,35-8-17,,,
MPAIS/CD/MDSI/MEJOR,,,,,,,,35-1-20-100,,
MPAIS/CD/MEJOR,,,,,,,,35-1-100,,
MPAIS/CD/PSE/MDSI/MEJOR,,,,,,,,35-1-17-20-100,,
MPAIS/CD/PSE/MEJOR,,,,,,,,35-1-17-100,,
MPAIS/CE,,,,,,,,,35-25,
MPAIS/ID/PS-FA,,,,,35-12-17,,,,,
MPAIS/MAR,,,,,,35-70,35-70,,,
MPAIS/MCD,,,,,,,35-61,,,
MPAIS/MCNP,,,35-21,,,,,,,
MPAIS/MED,,,,,35-76,,,,,
MPAIS/MEU,,,,,,,,35-4,,
MPAIS/MFU/CD,,,,,,,,35-102-1,,
MPAIS/MIC,,,35-64,,,,,,,
MPAIS/MIC/FAR,,,35-64-65,,,,,,,
MPAIS/MIFA,,,,35-62,,,,,,
MPAIS/MIM,,,35-67,,,,,,,
MPAIS/MIMI,,,,,,,35-61,,,
MPAIS/MIOSA/PS-FA,,,,,,,35-62-17,,,
MPAIS/MIP,,,,35-61,,,,,,
MPAIS/MLC,,,,,,,35-66,,,
MPAIS/MM,,,,,,,,35-104,,
MPAIS/MMIN,,,,,35-24,,,,,
MPAIS/MOPIN,,,,,35-62,,,,,
MPAIS/MP,,,35-62,,,,35-62,,,
MPAIS/MPCG,,,,,,,35-61,,,
MPAIS/MPD,,,,,35-15,,,,,
MPAIS/MPD/RED,,,,35-15-29,,,,,,
MPAIS/MPG,,,,,,,,35-114,,
MPAIS/MPIDC,,,,,,,35-151,,,
MPAIS/MPMI,,,,,,,,35-61,,
MPAIS/MPMI/MNP,,,,,,,,35-61-33,,
MPAIS/MRB/CD,,,,,,,,35-101-1,,
MPAIS/MSUR,,,,,,,,35-100,,
MPAIS/MUB/MCNP,,,35-65-21,,,,,,,
MPAIS/MUP,,,,,,35-65,35-65,,,
MPAIS/MUPP,,,,,,35-18,35-18,,,
MPAIS/MUPP-NP,,,35-18,,,,,,,
MPAIS/MUPP-NP/ACP,,,35-18-61,,,,,,,
MPAIS/MUSHUK INTI/AA,,,,35-61-62,,,,,,
MPAIS/MV,,,,,,,,35-67,,
MPAIS/PRE,,,,,35-10,,,,,
MPAIS/PS-FA,,,35-17,35-17,35-17,35-17,35-17,,,
MPAIS/PS-FA/MCNP,,,35-17-21,,,,,,,
MPAIS/PSE,,,,,,,,35-17,,
MPAIS/PSE/MEJOR,,,,,,,,100-35-17,,
MPAIS/REVIVE,,,,,,,,35-109,,
MPAIS/SUMA,,,,,,,,35-23,,
MPAS,,,,,,,,108,,
MPAT,,,,,,,,,62,
MPAU,,,,,,,,,61,
MPAY,,,,,,,,66,66,
MPB,50,,,,,,,,,
MPBC,,,,,74,,,,,
MPC,,41.0,66,32,124,,102,105,,105
MPC/ID,,,,,32-12,,,,,
MPC/MNPNS,,,,,32-61,,,,,
MPC/MPAIS,,,,,,,,112-35,,
MPC/MPD,,,,,32-15,,,,,
MPC/MUPP-NP,,,,,32-18,,,,,
MPCC,,,,,,,,63,63,
MPCD,,,,,,,,61,61,
MPCD/PSE,,,,,,,,61-17,,
MPCG,,,,,,61,61,,,61
MPCLND,,,,,,,105,,,
MPCN,,,,153,,,,,,
MPCNG,,,,,,,,61,61,
MPCNG/PSC,,,,,,,,61-6,,
MPCP,,,,,,,,,,103
MPD,15,15.0,15,15,15,15,15,,,
MPD /FIT,,1542.0,,,,,,,,
MPD /ID,,1512.0,,,,,,,,
MPD /ID /PS-FA,,151217.0,,,,,,,,
MPD /MFAI,,1526.0,,,,,,,,
MPD /MFC,,1545.0,,,,,,,,
MPD /MIAC,,1542.0,,,,,,,,
MPD /MINGA,,1545.0,,,,,,,,
MPD /MISI /MIA,,154147.0,,,,,,,,
MPD /MPP,,1543.0,,,,,,,,
MPD /MTF MPD /MTF,,1541.0,,,,,,,,
MPD /MUPP-NP,15-18,1518.0,,,,,,,,
MPD /PS-FA,15-17,1517.0,,,,,,,,
MPD /PS-FA MPD /PS-FA,15-17,,,,,,,,,
MPD /PSP,15-3,,,,,,,,,
MPD /PSP/MUPP-NP,15-3-18,,,,,,,,,
MPD/ALIANZA VERDE PROGRESISTA,,,15-62,,,,,,,
MPD/FAP,,,,,15-81,,,,,
MPD/ID,,,,,15-12,,,,,
MPD/MAS,,,15-64,,,,,,,
MPD/MIPD,,,,,15-50,,,,,
MPD/MMIN,,,,,15-24,,,,,
MPD/MPAIS,,,,15-35,,,,,,
MPD/MPC,,,,,15-32,,,,,
MPD/MPIMI,,,15-64,,,,,,,
MPD/MPIZP,,,15-61,,,,,,,
MPD/MPUR,,,,,15-66,,,,,
MPD/MRD,,,15-34,,,,,,,
MPD/MUC,,,,,15-74,,,,,
MPD/MUC/MNCS,,,,,15-74-55,,,,,
MPD/MUC/PS-FA,,,,,15-74-17,,,,,
MPD/MUPP,,,,,,15-18,15-18,,,
MPD/MUPP-NP,,,15-18,,15-18,,,,,
MPD/MUPP-NP/FAP,,,,,15-18-81,,,,,
MPD/MUSHUK INTI,,,15-61,,,,,,,
MPD/PDR,,,,,,,15-62,,,
MPD/PS-FA,,,,15-17,15-17,,,,,
MPD/PS-FA/MCPQ,,,,,15-17-81,,,,,
MPD/PS-FA/MUPP-NP,,,,,15-17-18,,,,,
MPD/PS-FA/MUPP-NP/MINZA,,,,,15-17-18-64,,,,,
MPD/PS-FA/PSP,15-17-3,,,,,,,,,
MPD/PS-FA/RED,,,,15-17-29,,,,,,
MPD/PSP,15-3,,,,,,15-3,,,
MPDC,,,,,75,,,,,116
MPDIP,,,,,,,,101,,
MPDL,,,,,,,,,,105
MPDL/MNP/MPDR,,,,,,,,105-33-62,,
MPDPM,,,,,,,,117,,
MPDR,,,,,,,,,62,
MPEA,,,,66,66,,,,,
MPFA,,,,,,,,,62,
MPFA/MPAIS,,,,,,,,62-35,,
MPFA/MPAIS/PSP,,,,,,,,62-35-3,,
MPFC,,,64,47,,,,,,
MPFC/MCPA,,,,47-49,,,,,,
MPFC/MCPA/MAFC,,,,47-49-43,,,,,,
MPFC/PPA/ID/MDSI/PSC,,,,,,,,61-8-12-20-6,,
MPFC/RED/ID,,,64-29-12,,,,,,,
MPFDLC,,,,,,,,62,62,
MPFDLC/MDSI,,,,,,,,62-20,,
MPFUS,,,,,,,101,,,
MPI,,44.0,,,76,,,,,
MPIA,,47.0,,,,,,,,
MPID,,,,78,,,,,,
MPIDC,,,,,,,151,151,,
MPIDP,,,,,,,101,,,
MPIK,,,,,,,,,,102
MPIK/MPAIS,,,,,,,,102-35,,
MPIMCA,,113.0,,,,,,,,
MPIMI,,41.0,64,64,,,,,,61
MPIMN,,,,79,79,,,,,
MPIOA,,44.0,,,,,,,,
MPIOP,,,,,62,,,,,
MPIRS,,49.0,,,,,,,,
MPIS,,42.0,,,,,,,,
MPIUC,,,,,,,102,,,
MPIZP,,,61,,,,,,,
MPIZP/MPD,,,61-15,,,,,,,
MPJ,,27.0,,,,,,,,
MPL,,,68,,78,,102,,,
MPLE,,50.0,,,,,,,,
MPLID,,,,,,,,113,,
MPLLI,,104.0,,,,,,,,
MPLN,45,,,,,,,,,
MPMI,,,,,,,,61,61,
MPMM,,,,,,,,,69,
MPMM/MPAY,,,,,,,,,69-66,
MPN,,,,,64,,,,,
MPNC,,,,,,,103,103,,
MPNLC,,,,26,,,,,,
MPNT,,,,,,,151,,,
MPP,43,43.0,,,,,104,104,,
MPPA,,,,72,72,,,,,
MPPC,,,,,,,,62,62,62
MPPCD,,,,,,,65,,,
MPPL,,,,,,,,,,102
MPPP,,,,,,,,69,69,69
MPPR,,,,,,,101,,,
MPPT,,,,,67,,,,,
MPPV,,,,,,,,61,61,
MPQ,,,,,,,,,,109
MPR,,,,,,,,,61,
MPRIP,,,,52,,,,,,
MPS,24,24.0,,,,,,104,63,104
MPSDP,,,,,76,,,,,
MPSI,,,,,,,67,,,
MPSM,32,,,,,,,,,
MPSSD,,,,,,66,66,,,
MPSVRC,,,,,64,,,,,
MPSY,,,,,,,,,62,
MPT,,55.0,,,69,,,,,
MPTF,,,,,128,,,,,
MPTS,,,,,66,,,,,
MPU,,,,,,,103,100,100,
MPU/MRP/PSC,,,,,,,,,100-65-6,
MPUP,,,,,,,,65,65,
MPUQN,,108.0,,,,,,,,
MPUR,,,,,66,,,,,
MPV,,,,,74,,,,,
MPVEP/MPAIS,,,,,,,,152-35,,
MPZ,,,,,75,,,,,
MPZCH,42,42.0,,61,61,,,,,
MQ,,,,,100,,,,,
MQEA,,41.0,,,,,,,,
MQEA /DP-UDC,,4105.0,,,,,,,,
MQEA /MIC,,41101.0,,,,,,,,
MQEA /PS-FA,,4117.0,,,,,,,,
MQR,,,,404,404,,,,,
MQVP,,,,,127,,,,,
MR,,,,,68,,61,104,61,61
MR2000,19,,,,,,,,,
MRA,,,72,,72,,102,102,,101
MRA/MPD,,,,,,,101-15,,,
MRA/PS-FA,,,,,,,102-17,,,
MRB,,,,,62,,101,,,
MRBP,,,67,,,,,,,
MRBT,,52.0,,,,,,,,
MRC,,,62,62,62,,,,,
MRCH,,,,,,,,,,107
MRD,20,,34,34,,,,111,,
MRDB,,,,,,,,132,,
MREA,,45.0,,,,,,,,
MREC,,,,123,123,,,,,
MRI,,,,,,,,155,,
MRIP,,,,,125,,,,,
MRL,,,,,65,,,,,
MRL/MAN,,,,,65-64,,,,,
MRLA,,42.0,,,,,,,,
MRM,,,,,118,,,,,
MRP,,,40,30,112,,,65,65,
MRPP,,,28,28,,,,,,
MRS,,,,68,77,,,,,
MRSH,,,,,64,,,,,
MRSMB,,,,,63,,,,,
MRT,,,,,,,,123,,123
MRTS,,,,,65,,,,,
MRUE,,,,,81,,,,,
MRY,,,,,,,,,62,
MS,,,,56,136,,,104,,
MSASYB,,53.0,,,,,,,,
MSAU,,,,,119,,,,,
MSB,,,,,78,,,,,
MSC,,,63,63,68,63,63,,,63
MSC/AVANZA,,,,,,,,,,63-8
MSC/CD,,,,,,,,,,63-1
MSC/DSI,,,,,,,,,,63-20
MSC/SUMA,,,,,,,,,,63-23
MSCC,,,,,,,,,63,
MSCC/PSC,,,,,,,,63-6,,
MSCC/PSC/MST,,,,,,,,63-6-105,,
MSD,,,,103,75,,,,,
MSI,34,43.0,,79,67,,,,,
MSL,,,,,,,,62,62,
MSP,,,,,,,,114,72,111
MSP/EXU-D,,,,,,,,72-120,,
MSP/SUCRE,,,,,,,,72-102,,
MSR,,,,69,69,,,,,
MST,,,,,,,,62,62,105
MSUR,,,,,,,,100,100,
MSV,,,,,80,,,,,
MSXX,,,,68,,,,,,
MT,,,,,90,,,70,70,
MTC,,,,,,61,61,,61,
MTF,,41.0,19,39,39,,,,,
MTM,,,,155,101,,,,,
MTP,,,,,61,,,,,
MTPC,,,,,,,,103,,
MTPCH,,,,,74,,,,,
MTSP,,,,,,,,112,,
MTU,,,,,,,,108,100,
MU,,,,,,,,123,,
MUBD,,102.0,,,,,,,,
MUC,,,,,67,,,,,
MUCAL,44,,,,,,,,,
MUCBV,,,,,,,104,,,
MUCBV/MC,,,,,,,,104-51,,
MUCD,,,,,103,,,,,
MUDC,,,,,,,,106,,
MUETE,,,,,,,,100,100,
MUG,,,,,79,,,,,
MUH,,,,,70,,102,102,,
MUJERES AL PODER,41,,,,,,,,,
MUJYD,,,,,95,,,,,
MUN,,,22,,,,,,,
MUNAP,,,,62,62,,,,,
MUNAPP,,,66,66,66,,,,,
MUNTTI,,,,57,,,,,,
MUP,,48.0,,,111,65,65,,,65
MUPACAR,,,,,82,,,,,
MUPD,,,,,,,101,101,,
MUPI,,42.0,,,75,,,,,
MUPI/MLD,,,,,75-68,,,,,
MUPP,,,,,,18,18,18,61,18
MUPP-NP,18,18.0,18,18,18,,,,,
MUPP-NP /CFP,18-4,,,,,,,,,
MUPP-NP /FIOT,,1846.0,,,,,,,,
MUPP-NP /MB,,1825.0,,,,,,,,
MUPP-NP /MCNP,18-21,,,,,,,,,
MUPP-NP /MCNP /MIFC,18-21-42,,,,,,,,,
MUPP-NP /MFAI,,1826.0,,,,,,,,
MUPP-NP /MIA,,1847.0,,,,,,,,
MUPP-NP /MPS,,1824.0,,,,,,,,
MUPP-NP /PS-FA,,1817.0,,,,,,,,
MUPP-NP /PSP,18-3,,,,,,,,,
MUPP-NP/MAO,,,,18-74,,,,,,
MUPP-NP/MBA,,,,,18-33,,,,,
MUPP-NP/MCC,,,,18-61,,,,,,
MUPP-NP/MDSA,,,,,18-77,,,,,
MUPP-NP/MIA,,,18-62,,18-68,,,,,
MUPP-NP/MINGA,,,,,18-71,,,,,
MUPP-NP/MISCI,,,,,18-69,,,,,
MUPP-NP/MISI,,,18-65,,,,,,,
MUPP-NP/MMIN,,,,,18-24,,,,,
MUPP-NP/MNPNS/MOPIN,,,,18-61-62,,,,,,
MUPP-NP/MPAIS,,,18-35,,18-35,,,,,
MUPP-NP/MPAIS/MMIN,,,,,18-35-24,,,,,
MUPP-NP/MPAIS/MOPIN,,,,,18-35-62,,,,,
MUPP-NP/MPC/PD,,,,18-32-50,,,,,,
MUPP-NP/MPD,,,,18-15,18-15,,,,,
MUPP-NP/PS-FA,,,18-17,,18-17,,,,,
MUPP-NP/RED,,,,18-29,,,,,,
MUPP/AMIGO,,,,,,,,,,18-16
MUPP/ATI,,,,,,,18-101,,,
MUPP/AVANZA,,,,,,,18-8,,,
MUPP/CE,,,,,,,,,18-25,
MUPP/CRECER,,,,,,,,,,18-100
MUPP/CREO,,,,,,,,,,18-21
MUPP/CUP,,,,,,,18-62,,,
MUPP/DM,,,,,,,,,,18-118
MUPP/DSI,,,,,,,,,,18-20
MUPP/DSI/CREO,,,,,,,,,,18-20-21
MUPP/ID,,,,,,,,,,18-12
MUPP/ID/DSI,,,,,,,,,,18-12-20
MUPP/ID/SUMA/RETO/CONSTRUYE,,,,,,,,,,18-12-23-33-25
MUPP/MARM,,,,,,,,18-103,,
MUPP/MDSI,,,,,,,,18-20,,
MUPP/MDSI/MPAIS,,,,,,,,18-20-35,,
MUPP/MEU,,,,,,,,18-4,,
MUPP/MEU/PSC,,,,,,,,18-4-6,,
MUPP/MPD,,,,,,,18-15,,,
MUPP/MPDI,,,,,,,,18-113,,
MUPP/OPCION,,,,,,,,,,18-61
MUPP/PID/MOVER,,,,,,,,,,18-4-35
MUPP/PRIMIZA,,,,,,,,18-101,,
MUPP/PSC,,,,,,,,61-6,61-6,
MUPP/PSE/MDSI,,,,,,,,18-17-20,,
MUPP/PSE/MEU,,,,,,,,18-17-4,,
MUPP/PUP,,,,,,,,,18-2,
MUPP/RETO,,,,,,,,,,18-33
MUPP/SIN SIGLAS,,,,,,,,,,18-112
MUPP/SUMA,,,,,,,,18-23,,
MUPP/UP,,,,,,,,18-2,,18-2
MUPP/UP/PSE,,,,,,,,,,18-2-17
MUR,,,,,,,103,,,
MUS,,,,,83,,,,,
MUSA,,105.0,,,,,,,,
MUSHUK INTI,,,61,61,61,,,,,
MUSP -S.M.C.,,,,,66,,,,,
MUSP -S.M.C./ID,,,,,66-12,,,,,
MUT,,,,,,,102,,,
MUV,,,,,78,,,,,
MV,,54.0,,102,102,,61,61,67,
MV/MNP,,,,,,,,,67-33,
MV/MUPP-NP,,,,102-18,,,,,,
MVBAK,,,,,,,103,,,
MVBAK/AVANZA,,,,,,,103-8,,,
MVBAK/MPD,,,,,,,103-15,,,
MVBAK/PPA/UP/ID/MDSI,,,,,,,,103-8-2-12-20,,
MVE,,,,,20,,,,,
MVF,,,,76,,,,,,
MVI,,,,,98,,,,,
MVP,,,66,66,66,,,,,
MVPP,,,,,66,,,,,
MVR,,,37,65,65,,,,,
MVS,,,,,70,,,104,,
MXMSC,,,,,,,,103,,
MYSE,,,,,,,103,,,
N.G.,,,,,,,,,,105
N.T,,,,,,,,,,151
NAVI,,,,,69,,,,,
NFD,,43.0,,,,,,,,
NFI,,,,65,65,,,,,
NG,,,,64,64,,,,,
NG/MPD/PS-FA,,,,64-50-17,,,,,,
NMC,,,,,61,,,,,
NR,,,,,,,,,,111
OCSA,,,,,113,,,,,
OLP,,,,68,68,,,,,
OP,,,,,73,,,,,
OPCION,,,,,,,61,61,61,61
OPP,35,,,,,,,,,
OXIGENO,,,,62,62,,,,,
P.P.P.,,,,,,,,,,104
PA,,,,,76,,,,,113
PAEA,,,,,,,,7,7,
PAEA/MST,,,,,,,,7-62,,
PAEA/PSP,,,,,,,,7-3,,
PAEA/PSP/MNP/LEP,,,,,,,,7-3-33-9,,
PAN,46,,,,,,,,,
PAZ,,,,67,67,,,,,
PCD,,,,,65,,,,,
PCD/APLA,,,,,65-73,,,,,
PD,,,,,50,,,,,
PDR,,,,,,62,62,,,
PDR/MI,,,,,,,62-82,,,
PDR/MPD,,,,,,,62-15,,,
PDR/MUPP/MPD,,,,,,62-18-15,,,,
PHC,,,,74,74,,,,,
PID,,,,,,,,,,4
PID/AMIGO,,,,,,,,,,4-16
PID/CONSTRUYE,,,,,,,,,,4-25
PID/MOVER,,,,,,,,,,4-35
PID/MUPP,,,,,,,,,,4-18
PID/PSE/DSI/CONSTRUYE,,,,,,,,,,4-17-20-25
PID/PSP/AMIGO,,,,,,,,,,4-3-16
PL,11,,,11,11,,,,,
PLACA,,,,,,,,,,102
PLRE,2,,,2,2,,,,,
PLRE/AN,2-14,,,,,,,,,
PLRE/AN /MPD,2-14-15,,,,,,,,,
PLRE/CFP,2-4,,,,,,,,,
PLRE/META,2-39,,,,,,,,,
POIM,,,,,,,,151,,151
POR,,,,98,98,,,,,
PP,,,,,,,,,,101
PPA,,,,74,74,,,8,8,
PPA/CE,,,,,,,,,8-25,
PPA/ID,,,,,,,,8-12,,
PPA/ID/MDSI/CD/PSC/MNP,,,,,,,,8-12-20-1-6-33,,
PPA/MCUP,,,,,,,,,8-62,
PPA/MIP,,,,,,,,8-101,,
PPA/MJS,,,,,,,,,8-11,
PPA/MJS/ID/MACHETE,,,,,,,,8-11-12-61,,
PPA/MJS/MACHETE,,,,,,,,8-11-61,,
PPA/MPAIS,,,,,,,,8-35,,
PPA/MPFC/ID/MDSI/CD/PSC/MNP,,,,,,,,8-61-12-20-1-6-33,,
PPA/PSC,,,,,,,,8-6,,
PPA/PSE/UE,,,,,,,,8-17-19,,
PPA/UE,,,,,,,,,8-19,
PPA/UE/MDSI,,,,,,,,8-19-20,,
PPA/UP,,,,,,,,8-2,,
PPP,50,,,,,,,,,
PPT,,53.0,,,,,,,,
PR,,,,,80,,,,,
PRE,10,10.0,10,10,10,10,10,,,
PRE /AA,,1043.0,,,,,,,,
PRE /CFP,,1004.0,,,,,,,,
PRE /CFP/MCI,,100441.0,,,,,,,,
PRE /CFP/PSP,,100403.0,,,,,,,,
PRE /DP-UDC,10-5,1005.0,,,,,,,,
PRE /DP-UDC/CFP/ID,,10050412.0,,,,,,,,
PRE /DP-UDC/MPS,,100524.0,,,,,,,,
PRE /ID,,1012.0,,,,,,,,
PRE /ID /AA,,101243.0,,,,,,,,
PRE /MIAJ,10-28,,,,,,,,,
PRE /PS-FA /CFP,,101704.0,,,,,,,,
PRE /PS-FA /DP-UDC,,101705.0,,,,,,,,
PRE /PSC,,1006.0,,,,,,,,
PRE /PSP,,1003.0,,,,,,,,
PRE /PSP/DP-UDC,,100305.0,,,,,,,,
PRE /PSP/MPZCH /FZCH,,10034245.0,,,,,,,,
PRE /TD,,1042.0,,,,,,,,
PRE /UPI,10-42,,,,,,,,,
PRE /UPI /AN,10-42-14,,,,,,,,,
PRE/A.A.,,,10-62,,,,,,,
PRE/CFP,,,,,10-4,,,,,
PRE/CFP/ID/PS-FA,,10041217.0,,,,,,,,
PRE/ID,,1012.0,,,,,,,,
PRE/ID/PS-FA,,,,,10-12-17,,,,,
PRE/MANA/MITF,,,,10-31-39,,,,,,
PRE/MAR,,,,,10-70,,,,,
PRE/MHN,,,,10-27,,,,,,
PRE/MIP,,,,,10-66,,,,,
PRE/MP/MMIN/MRC,,,,,10-65-24-70,,,,,
PRE/MPZCH/MBZCH,,,,10-61-67,,,,,,
PRE/MTM,,,,,10-155,,,,,
PRE/PS-FA,,,10-17,10-17,,,,,,
PRE/PSC/AA,,,10-6-62,,,,,,,
PRE/PSP,,,10-3,,,,,,,
PRE/UDC,,,,10-5,,,,,,
PRIAN,7,7.0,7,7,7,7,7,,,
PRIAN/AVANZA/PRE/CREO/SUMA,,,,,,,7-8-10-21-23,,,
PRIAN/MHE,,,,,7-402,,,,,
PRIAN/MIPL/MIT,,,,,7-63-78,,,,,
PRIAN/MMIN,,,,,7-24,,,,,
PRIAN/MPD/MUNAP/MGD,,,,,7-15-62-96,,,,,
PRIAN/MPD/MUNAP/MNV,,,,,7-15-62-96,,,,,
PRIAN/MUPP-NP,,,,,7-18,,,,,
PRIAN/PRE,,,,,,,7-10,,,
PRIAN/PRE/SUMA,,,,,,,7-10-23,,,
PRIAN/PS-FA/MOA,,,7-17-61,,,,,,,
PRIAN/PSP,,,7-3,,,,,,,
PRIAN/SUMA,,,,,,,7-23,,,
PRIMIZA,,,,,,,101,,,101
PROGRESA,,,,,,,,,,123
PS,,,,,,,,,,112
PS-FA,17,17.0,17,17,17,17,17,,,
PS-FA /CFP,17-4,,,,,,,,,
PS-FA /DP-UDC,17-5,1705.0,,,,,,,,
PS-FA /ID,,1712.0,,,,,,,,
PS-FA /MCNP /MIFC,17-21-42,,,,,,,,,
PS-FA /MIN2000,17-47,,,,,,,,,
PS-FA /MINGA,,1741.0,,,,,,,,
PS-FA /MPD,,1715.0,,,,,,,,
PS-FA /MUPP-NP,17-18,1718.0,,,,,,,,
PS-FA /PSP,17-3,,,,,,,,,
PS-FA/APLA,,,,,17-73,,,,,
PS-FA/ID,,,,,17-12,,,,,
PS-FA/INA,,,17-14,,,,,,,
PS-FA/MAR,,,,,17-70,,,,,
PS-FA/MBA,,,,,17-33,,,,,
PS-FA/MCC,,,,,17-61,,,,,
PS-FA/MCNP,,,17-21,,,,,,,
PS-FA/MCNP/MPAIS,,,17-21-35,,,,,,,
PS-FA/MIA,,,17-67,,,,,,,
PS-FA/MNCS,,,,,17-55,,,,,
PS-FA/MOI,,,,,17-75,,,,,
PS-FA/MPAIS,,,17-35,,17-35,,,,,
PS-FA/MPAIS/MUPP-NP,,,17-35-18,,,,,,,
PS-FA/MPC,,,,,17-32,,,,,
PS-FA/MPD,,,,,17-15,,,,,
PS-FA/MPP,,,,,,,17-104,,,
PS-FA/MUCD,,,,,17-103,,,,,
PS-FA/MUPP-NP,,,17-18,17-18,17-18,,,,,
PS-FA/MUPP-NP/APLA,,,,,17-18-73,,,,,
PS-FA/MUPP-NP/MPAIS/ACP,,,17-18-35-61,,,,,,,
PS-FA/MUPP-NP/MT,,,,,17-18-90,,,,,
PS-FA/RED,,,,,17-29,,,,,
PS-FA/RED/MISA,,,,17-29-66,,,,,,
PSC,6,6.0,6,6,6,6,6,6,6,6
"PSC/""M.M.G""",,,,,,,,,,6-75
PSC/A.C.P.,,,,,6-69,,,,,
PSC/AA,,,6-62,,,,,,,
PSC/AMIGO,,,,,,,,,,6-16
PSC/AN,6-14,,,,,,,,,
PSC/CAMINANTES,,,,,,,,,,6-62
PSC/CD,,,,,,,,,,6-1
PSC/CFP,,604.0,,,,,,,,
PSC/CFP-C,,,,,,,,,,6-114
PSC/CNC,,647.0,,,,,,,,
PSC/CNC /MA,,64748.0,,,,,,,,
PSC/CRECER,,,,,,,,,,6-100
PSC/CREO,,,,,,6-21,,,,6-21
PSC/CREO/PSP,,,,,,,6-21-3,,,
PSC/DH,,,,,,,,,,6-123
PSC/DP-UDC,,605.0,,,,,,,,
PSC/DSI,,,,,,,,,,6-20
PSC/FC,,,,,,,,,,6-106
PSC/FIMA,,642.0,,,,,,,,
PSC/FJC,,653.0,,,,,,,,
PSC/FP,,,,,,,,,,6-103
PSC/GAL-PC,,,,,,,,,,6-101
PSC/ID,6-12,612.0,,,,,,6-12,,
PSC/ID /PS-FA,,61217.0,,,,,,,,
PSC/M.M.G,,,,,,,,,,6-75
PSC/M.M.G/RENACE,,,,,,,,,,6-75-115
PSC/M.M.G/SIN SIGLAS,,,,,,,,,,6-75-105
PSC/M.R.B.,,,,,,,,,,6-101
PSC/MA,,648.0,,,,,,,,
PSC/MAC,,,,,,,6-63,,,
PSC/MAIZ,,,,,,,,6-105,,
PSC/MAP,,,,,6-66,,,,,
PSC/MAS,,6101.0,,,,,,,,
PSC/MCMG,,,,,6-75,,,,,
PSC/MDG,,,,,,6-75,6-75,,,
PSC/MFIPPE,6-43,,,,,,,,,
PSC/MIC /FJC,,65253.0,,,,,,,,
PSC/MMDG,,,,,,,,6-75,6-75,
PSC/MMDG/MCMR,,,,,,,,6-75-105,,
PSC/MMIN,,,,,6-24,,,,,
PSC/MP,,,,,6-68,,,,,
PSC/MPA,,,,,6-66,,,,,
PSC/MPC,,,6-66,,,,,,,
PSC/MPMI,,,,,,,,,6-61,
PSC/MPR,,,,,,,,,6-61,
PSC/MPUP,,,,,,,,6-65,6-65,
PSC/MPUP/CAMINO,,,,,,,,6-65-105,,
PSC/MPUP/MNR,,,,,,,,6-65-111,,
PSC/MPUP/MNV,,,,,,,,6-65-109,,
PSC/MR,,,,,,,,6-104,,
PSC/MSUAP,,,,,,,,6-151,,
PSC/MTC,,,,,,,6-61,6-61,6-61,
PSC/MUPM,,,,,,,,6-110,,
PSC/NFD,,643.0,,,,,,,,
PSC/PID,,,,,,,,,,6-4
PSC/PID/PSP,,,,,,,,,,6-4-3
PSC/PRE,,610.0,6-10,,6-10,,,,,
PSC/PRE/AA,,,6-10-62,,,,,,,
PSC/PRIAN/PRE/SUMA,,,,,,,6-7-10-23,,,
PSC/PS-FA /ID,,61712.0,,,,,,,,
PSC/PSE,,,,,,,,,,6-17
PSC/PSP,,603.0,,,,,6-3,,,6-3
PSC/PSP/CD,,,,,,,,,,6-3-1
PSC/PSP/CREO/PRIAN/PRE/SUMA,,,,,,,6-3-21-7-10-23,,,
PSC/PSP/SIN SIGLAS,,,,,,,,,,6-3-69
PSC/SIN SIGLAS,,,,,,,,,,6-107
PSC/SUMA,,,,,,,6-23,6-23,,6-23
PSC/SUMA/AST,,,,,,,,,,6-23-103
PSC/SUMA/M.C.A,,,,,,,,,,6-23-106
PSC/SUMA/MC,,,,,,,,6-23-51,,
PSC/SUMA/MNP,,,,,,,,6-23-33,,
PSC/SUMA/PSP,,,,,,,6-23-3,,,
PSC/SUR/MCP,,,,,,,,,,6-100-127
PSC/UDC,,,6-5,6-5,6-5,,,,,
PSC/UP,,645.0,,,,,,,,
PSC/XMSC,,,,,,,,,,6-103
PSE,,,,,,,,17,17,17
PSE/ADE,,,,,,,,17-71,,
PSE/CONSTRUYE,,,,,,,,,,17-25
PSE/ID,,,,,,,,,17-12,
PSE/J,,,,,,,,,,17-70
PSE/MAR,,,,,,,,17-70,,
PSE/MC,,,,,,,,,17-51,
PSE/MC/MNP,,,,,,,,,17-51-33,
PSE/MDSI/MNP,,,,,,,,17-20-33,,
PSE/MDSI/MPAIS,,,,,,,,17-20-35,,
PSE/MFCS,,,,,,,,17-5,,
PSE/MJ,,,,,,,,17-70,,
PSE/MNP,,,,,,,,17-33,,
PSE/MOVER,,,,,,,,,,17-35
PSE/MP CAMBIEMOS,,,,,,,,,,17-106
PSE/MPAIS,,,,,,,,17-35,,
PSE/MPC,,,,,,,,17-106,,
PSE/MUPP,,,,,,,,17-18,,
PSE/MUPP/MPAIS,,,,,,,,17-18-35,,
PSE/PSP,,,,,,,,,,17-3
PSE/R,,,,,,,,,,17-61
PSE/RETO,,,,,,,,,,17-33
PSE/RETO/AVANZA,,,,,,,,,,17-33-8
PSE/RETO/MOVER,,,,,,,,,,17-33-35
PSE/SIN SIGLAS,,,,,,,,,,17-62
PSE/SUMA,,,,,,,,,,17-23
PSE/UP,,,,,,,,,,17-2
PSE/UP/DSI,,,,,,,,,,17-2-20
PSE/UP/DSI/MIM,,,,,,,,,,17-2-20-61
PSHP,,,,,101,,,,,
PSI,,,,65,65,,,,,
PSP,3,3.0,3,3,3,3,3,3,3,3
PSP//MRLA /MIPM,,3504251.0,,,,,,,,
PSP/AVANZA/CREO/SIN SIGLAS,,,,,,,,,,3-8-21-61
PSP/CFP,,304.0,,,,,,,,
PSP/CREO,,,,,,,3-21,,,3-21
PSP/CREO/M.P.F.A,,,,,,,,,,3-21-62
PSP/CREO/MIFA,,,,,,,3-21-62,,,
PSP/CREO/SUMA,,,,,,,3-21-23,,,3-21-23
PSP/CREO/SUMA/MR,,,,,,,3-21-23-61,,,
PSP/DP-UDC,,305.0,,,,,,,,
PSP/DP-UDC/MIEV /MIA,,3054150.0,,,,,,,,
PSP/DP-UDC/MPS,,30524.0,,,,,,,,
PSP/DP-UDC/PRE,,30510.0,,,,,,,,
PSP/DP-UDC/PSC/FCP /MPA,,305064445.0,,,,,,,,
PSP/DP-UDC/PSC/FDUS /MSI,,305064243.0,,,,,,,,
PSP/DP-UDC/PSC/FDUS /MSI /MPA,,30506424345.0,,,,,,,,
PSP/DP-UDC/PSC/MSI,,3050643.0,,,,,,,,
PSP/DP-UDC/PSC/MSI /MPA,,305064345.0,,,,,,,,
PSP/DSI,,,,,,,,,,3-20
PSP/FC-NP,,344.0,,,,,,,,
PSP/FE/SUMA/MNP,,,,,,,,3-10-23-33,,
PSP/ID,,,,,3-12,,,3-12,,3-12
PSP/ID/CREO,,,,,,,,,,3-12-21
PSP/ID/CREO/SIN SIGLAS,,,,,,,,,,3-12-21-61
PSP/ID/MUC,,,,,3-12-67,,,,,
PSP/ID/MUPP,,,,,,,,,,3-12-18
PSP/ID/UE/MDSI,,,,,,,,,3-12-19-20,
PSP/INA,,,3-14,,,,,,,
PSP/INA/MIIAY,,,3-14-63,,,,,,,
PSP/M.A.,,343.0,,,,,,,,
PSP/MA,,348.0,,,,,,,3-65,
PSP/MA /PSC/PRE,,3480610.0,,,,,,,,
PSP/MARCA,,,,,3-77,,,,,
PSP/MB,,325.0,,,,,,,,
PSP/MEU,,,,,,,,3-4,,
PSP/MI,,,3-61,,,,,,,
PSP/MIA,,345.0,,,,,,,,
PSP/MIAJ,3-28,,,,,,,,,
PSP/MIAY,,359.0,,,,,,,,
PSP/MIFA,,,,,3-62,,,,,
PSP/MINGA,,,,,,,,3-77,,
PSP/MIP,,,3-61,,,,,,,
PSP/MIRAD,,,,,,,,,,3-101
PSP/MIRC,,,3-61,,,,,,,
PSP/MIRE,,342.0,,,,,,,,
PSP/MIUDC,,,,,3-72,,,,,
PSP/MJ,,344.0,,,,,,,,
PSP/MLM,,345.0,,,,,,,,
PSP/MMIN,,,,,3-24,,,,,
PSP/MPAU,,,,,,,,,3-61,
PSP/MPD,3-15,,,,,,,,,
PSP/MPD /MUPP-NP,3-15-18,,,,,,,,,
PSP/MPD /PS-FA,3-15-17,,,,,,,,,
PSP/MPIA,,347.0,,,,,,,,
PSP/MPIMI/PSC,,,,,,,,,,3-61-6
PSP/MPIOA,,344.0,,,,,,,,
PSP/MPIOA /MIA,,34445.0,,,,,,,,
PSP/MPS,,,,,,,,,,3-104
PSP/MRD/MPAIS/FN,,,3-34-35-65,,,,,,,
PSP/MRLA,,342.0,,,,,,,,
PSP/MRLA /MIPM,,34251.0,,,,,,,,
PSP/MUC,,,,,3-67,,,,,
PSP/MUPI,,342.0,,,,,,,,
PSP/MUPP,,,,,,,,,,3-18
PSP/MUPP-NP,3-18,,,,3-18,,,,,
PSP/MUPP-NP /AN,3-18-14,,,,,,,,,
PSP/MUPP-NP /MPP,3-18-43,,,,,,,,,
PSP/MUSHUK INTI,,,,,3-61,,,,,
PSP/MUSHUK INTI/M.U.C.,,,,,3-61-63,,,,,
PSP/PID/PSC/AMIGO/SUMA/MC,,,,,,,,,,3-4-6-16-23-109
PSP/PRE,,310.0,,,3-10,,3-10,,,
PSP/PRE /MPZCH /FUERZA Z CH.,,3104245.0,,,,,,,,
PSP/PRE /UPI /AN,3-10-42-14,,,,,,,,,
PSP/PRE/MNC,,,,,3-10-63,,,,,
PSP/PRIAN,,,,,3-7,,,,,
PSP/PRIAN/AVANZA/SUMA/MUPP/A-TSA/MPSSD,,,,,,,3-7-8-23-18-62-66,,,
PSP/PRIAN/MUPP/A-TSA/MPSSD,,,,,,,3-7-18-62-66,,,
PSP/PRIAN/PRE,,,,,,,3-7-10,,,
PSP/PRIAN/UDC,,,,,3-7-5,,,,,
PSP/PS-FA,,317.0,,,3-17,,,,,
PSP/PS-FA/MUPP-NP,,,3-17-18,,,,,,,
PSP/PSC,,306.0,,,3-6,,3-6,,,3-6
PSP/PSC/CD,,,,,,,,,,3-6-1
PSP/PSC/ID,,30612.0,,,3-6-12,,,,,
PSP/PSC/ID/UDC,,,,,3-6-12-5,,,,,
PSP/PSC/MCMG,,,,,3-6-75,,,,,
PSP/PSC/MDG,,,,,,,3-6-75,,,
PSP/PSC/PRIAN/PRE,,,,,,,3-6-7-10,,,
PSP/PSE/MC,,,,,,,,,3-17-51,
PSP/PSE/UP/PID/ID/DSI/SUMA,,,,,,,,,,3-17-2-4-12-20-23
PSP/RED,,,,3-29,,,,,,
PSP/SIN SIGLAS,,,,,,,,,,3-61
PSP/SUMA,,,,,,,3-23,,,3-23
PSP/TPI,,3103.0,,,,,,,,
PSP/UDC,,3101.0,,,3-5,,,,,
PSP/UE,,,,,,,,3-19,,
PSP/VC,,,,,3-71,,,,,
PTC,48,,,,,,,,,
PUEBLO,,,,62,62,61,61,,,
PUP,,,,,,,,,2,
PUP/MCAT,,,,,,,,,2-62,
PUP/MOA,,,,,,,,,2-61,
PUP/MUPP,,,,,,,,,2-18,
PUP/MUPP/MPAT,,,,,,,,,2-18-62,
PVMEA,,52.0,,,,,,,,
R,,,,,,,,,,61
RB,,,,,94,,,,,
RC,,,,,,,,,,5
RC/AMIGO,,,,,,,,,,5-16
RC/AVANZA,,,,,,,,,,5-8
RC/C,,,,,,,,,,5-100
RC/C/W.O.H,,,,,,,,,,5-100-103
RC/D.P.I.,,,,,,,,,,5-113
RC/ID/PSE,,,,,,,,,,5-12-17
RC/M.P,,,,,,,,,,5-77
RC/M.P/MPC,,,,,,,,,,5-77-105
"RC/MAR-70/""M.P""",,,,,,,,,,5-70-77
RC/MAR-70/M.P,,,,,,,,,,5-70-77
RC/MAS,,,,,,,,,,5-63
RC/MGG,,,,,,,,,,5-111
RC/MIPM,,,,,,,,,,5-72
RC/MIPM/MIJ,,,,,,,,,,5-72-152
RC/PS,,,,,,,,,,5-112
RC/PSE,,,,,,,,,,5-17
RC/PSP,,,,,,,,,,5-3
RC/RETO,,,,,,,,,,5-33
RC/RETO/MPCG,,,,,,,,,,5-33-61
RC/RETO/MPCG/MARCHA,,,,,,,,,,5-33-61-105
RC/SIN SIGLAS,,,,,,,,,,5-62
RC/SP,,,,,,,,,,5-105
RC/SUMA,,,,,,,,,,5-23
RC/UH,,,,,,,,,,5-102
RD,,,,,,,,,,111
RDB,,,,,,,,,,132
RE.VI.VE.,,,,,,,,,,109
REACTIVATE,,,,,,,,,,104
RED,,,29,29,29,,,,,
RED/A.C.P.,,,,,29-69,,,,,
RED/MBERP,,,,,29-38,,,,,
RED/MCPA,,,,29-49,,,,,,
RED/MFC,,,,29-63,,,,,,
RED/MIPD,,,,,29-50,,,,,
RED/MIPD/MBERP,,,,,29-50-38,,,,,
RED/MIPD/MUPP-NP,,,,,29-50-18,,,,,
RED/MIPD/MUPP-NP/MBERP,,,,,29-50-18-38,,,,,
RED/MIPD/OP,,,,,29-50-73,,,,,
RED/MOPIN,,,29-62,,,,,,,
RED/MPC,,,,29-32,,,,,,
RED/MPD,,,,,29-15,,,,,
RED/MUPP-NP/MIPD,,,,,29-18-50,,,,,
RED/PS-FA,,,,29-17,,,,,,
RED/UDC,,,29-5,,,,,,,
REDE,,,,,,,151,151,,151
REENCUENTRO YA,,,,,,62,62,,,
RENACE,,,60,,,,,,,107
RENACE/PSE,,,,,,,,,,107-17
RENOVACION,,,,,,,,,,104
RETO,,,,,,,,,,33
RETO/A.T.I,,,,,,,,,,33-101
RETO/AVANZA,,,,,,,,,,33-8
RETO/CONSTRUYE,,,,,,,,,,33-25
RETO/CONSTRUYE/DSI,,,,,,,,,,33-25-20
RETO/CONSTRUYE/UP,,,,,,,,,,33-25-2
RETO/CREO/AHORA,,,,,,,,,,33-21-65
RETO/CREO/AHORA/CONSTRUYE,,,,,,,,,,33-21-65-25
RETO/MOVER,,,,,,,,,,33-35
RETO/OPCION,,,,,,,,,,33-61
RETO/PID,,,,,,,,,,33-4
RETO/PSE,,,,,,,,,,33-17
REVIVE,,,,,,,109,,,
REYCACHA,,,,,72,,,,,
RP,40,,,,,,,,,
RUPTURA,,,,,,25,25,,,
S I I,,,,,,,,,,105
S.E.A,,,,,,,,,,103
S.O.A.,,43.0,,,,,,,,
S.P.,,,,,,,,,,114
SEA,,,,,,,103,,,
SEAPEC,,,,,77,,,,,
SEMILLA,,,,,,,,,,63
SEMILLA/DSI,,,,,,,,,,63-20
SER,,,,,,,107,150,,150
SHH,,,,,62,,,,,
SI ARI,,,,,,,,,100,100
SIGLO 21,,,,65,65,,,,,
SIII,,,,,,,,88,88,88
SIII/CREO,,,,,,,,88-21,,
SIII/CREO/MNP,,,,,,,,88-21-33,,
SIII/MAR-70/RETO/ID,,,,,,,,,,88-70-33-12
SIN INFORMACION,45,,,,,,,,,
SIN SIGLAS,,,,,,,,,,112
SIN SIGLAS/AVANZA/PSP,,,,,,,,,,104-8-3
SIN SIGLAS/M.I.R.A.S./AMIGO,,,,,,,,,,104-101-16
SIN SIGLAS/SIN SIGLAS,,,,,,,,,,82-62
SIN SIGLAS/SIN SIGLAS/CONSTRUYE,,,,,,,,,,82-62-25
SIN SIGLAS/SIN SIGLAS/MPDL,,,,,,,,,,82-62-105
SIN SIGLAS/SUMA/CREO,,,,,,,,,,107-23-21
SOLIDARIDAD,,46.0,,,,,,,,
SOMOS,,,,,,,,,,65
SOMOS LIBRES,,,,,,,,,,62
SOMOS LIBRES/RETO/CONSTRUYE,,,,,,,,,,62-33-25
SOMOS/MPPP/CREO,,,,,,,,,,65-69-21
SP,,,,,,,,,,105
SUCRE,,,,,,,,,,102
SUM,,,,,72,,,,,
SUMA,,,,,,23,23,23,23,23
SUMA/AMIGO,,,,,,,,,,23-16
SUMA/APLA,,,,,,,,,,23-73
SUMA/AVANZA/PSC/CONSTRUYE/AMIGO,,,,,,,,,,23-8-6-25-16
"SUMA/AVANZA/PSC/U,F,T.",,,,,,,,,,23-8-6-156
SUMA/CONSTRUYE,,,,,,,,,,23-25
SUMA/CONSTRUYE/MR,,,,,,,,,,23-25-61
SUMA/CREO,,,,,,,23-21,,,23-21
SUMA/CREO/MAS,,,,,,,,23-21-63,,
SUMA/FLC/SOMOS,,,,,,,,,,23-62-65
SUMA/MAC,,,,,,,,23-77,,
SUMA/MAS,,,,,,,,23-101,,
SUMA/MCAT,,,,,,,23-62,,,
SUMA/MCAT/MPD,,,,,,,23-62-15,,,
SUMA/MCP,,,,,,,,23-101,,
SUMA/MDSI,,,,,,,,23-20,,
SUMA/MPD/MUPP,,,,,,,23-15-18,,,
SUMA/MPPV,,,,,,,,,23-61,
SUMA/MUPP/AIRE,,,,,,,,,,23-18-117
SUMA/MV,,,,,,,23-61,,,
SUMA/PRIAN/PSC,,,,,,,23-7-6,,,
SUMA/PS-FA,,,,,,,23-17,,,
SUMA/PSC,,,,,,,,23-6,23-6,23-6
SUMA/PSC/UE,,,,,,,,,23-6-19,
SUMA/RETO,,,,,,,,,,23-33
SUMA/UP,,,,,,,,,,23-2
SUMATE,,,,,65,,,,,
SUMATE/MIAY,,,,,65-66,,,,,
SUR,,,,,,,101,,,100
SUR/MID,,,,,,,,,,100-125
SUR/MINGA/AHORA,,,,,,,,,,100-106-111
SUR/MRA,,,,,,,,,,100-101
SUR/P.P.P.,,,,,,,,,,100-104
T.D.,42,,,,,,,,,
TAC,,,,67,,,,,,
TD,,42.0,42,42,68,,,,,
TD /PSP,,4203.0,,,,,,,,
TODOS,,,,,,,,,,70
TPI,,103.0,,,,,,,,
TSI,22,22.0,,,,,,,,
TSI /MIB,22-42,,,,,,,,,
TU,,,,,,,,,,108
U C,,,,111,111,,,,,
U N E T E,,,,,,,,,,100
"U,F,T.",,,,,,,,,,156
U.N.I.D.A.D.,,,,,,,,,,106
UC,,46.0,,,,,,,,102
UCN,,,,62,62,,,,,
UDC,48,101.0,5,5,5,,,,,106
UDC/ALBA,,,,5-44,,,,,,
UDC/ID,,,5-12,,,,,,,
UDC/ID/MBERP/PRE,,,,5-12-38-10,,,,,,
UDC/ID/MPC,,,,5-12-32,,,,,,
UDC/MCNP,,,5-21,,,,,,,
UDC/MFE,,,,5-152,,,,,,
UDC/MICJ/MIVP,,,5-63-66,,,,,,,
UDC/MIFG,,,,,5-61,,,,,
UDC/MSC,,,5-63,,,,,,,
UDC/MUPP-NP/MIA,,,5-18-63,,,,,,,
UDC/PRE,,,5-10,,,,,,,
UDC/PSC,,,5-6,5-6,5-6,,,,,
UDC/PSC/RED,,,5-6-29,,,,,,,
UDC/RED,,,5-29,,,,,,,
UE,,,,,,,,19,19,
UE/ADE/FADIC,,,,,,,,19-71-105,,
UE/CREO,,,,,,,,19-21,,
UE/FE,,,,,,,,19-10,,
UE/MC,,,,,,,,19-51,,
UE/MPAIS,,,,,,,,19-35,,
UFT,,,,,,,,156,,
UGA,,48.0,,,,,,,,
UH,,,,,,,,,,102
UN - UNO,1,,,,,,,,,
UN - UNO/AN,1-14,,,,,,,,,
UN - UNO/CFP,1-4,,,,,,,,,
UN - UNO/CFP/DP-UDC,1-4-5,,,,,,,,,
UN - UNO/DP-UDC,1-5,,,,,,,,,
UN - UNO/MCI,1-41,,,,,,,,,
UN - UNO/PSC,1-6,,,,,,,,,
UNETE,,,,,,,,,,100
UNIR,,,,64,64,,,,,123
UNIRE,,,,,401,,,,,
UNIREV,,,,401,401,,,,,
UNO,,,,41,1,,,,,
UNO/ID,,,,,1-12,,,,,
UNO/MOVAG,,,,,1-69,,,,,
UNO/MTP,,,,,1-61,,,,,
UNO/MUP,,,,,1-79,,,,,
UNO/NMC,,,,,1-61,,,,,
UNO/PSP,,,,,1-3,,,,,
UNO/PSP/PRE,,,,,1-3-10,,,,,
UP,,111.0,63,75,72,61,61,2,,2
UP /MICA,,4548.0,,,,,,,,
UP /PSC/PSP,,450603.0,,,,,,,,
UP/AMIGO,,,,,,,,,,2-16
UP/AMIGO/PSE,,,,,,,,,,2-16-17
UP/AVANZA,,,,,,,,,,2-8
UP/AVANZA/SOMOS/AMIGO,,,,,,,,,,2-8-104-16
UP/DSI,,,,,,,,,,2-20
UP/DSI/CD,,,,,,,,,,2-20-1
UP/DSI/MOVER/CCCH,,,,,,,,,,2-20-35-63
UP/ID,,,,,,,,2-12,,2-12
UP/ID/MNP,,,,,,,,2-12-33,,
UP/ID/MUPP/MOVER,,,,,,,,,,2-12-18-35
UP/ID/SUMA,,,,,,,,,,2-12-23
UP/LEP/ID,,,,,,,,2-9-12,,
UP/M.I.I.P.T,,,,,,,,,,2-151
UP/MARS,,,,,,,,2-107,,
UP/MCCP,,,,,,,61-101,,,
UP/MDSI,,,,,,,,2-20,,
UP/MJ,,,,,,,,2-70,,
UP/MMP,,,,,,,,2-152,,
UP/MNP,,,,,,,,2-33,,
UP/MOVER,,,,,,,,,,2-35
UP/MRT,,,,,,,,,,2-123
UP/MUPP,,,,,,,,2-18,,2-18
UP/MUPP/INCLUYENTE/MOVER/CD,,,,,,,,,,2-18-62-35-1
UP/MUPP/INCLUYENTE/PSP,,,,,,,,,,2-18-62-3
UP/MUPP/MARS,,,,,,,,,,2-18-107
UP/MUPP/MNP,,,,,,,,2-18-33,,
UP/MUPP/MOVER,,,,,,,,,,2-18-35
UP/MUPP/MOVER/PSP,,,,,,,,,,2-18-35-3
UP/MUPP/PSP/CD,,,,,,,,,,2-18-3-1
UP/PID/AVANZA/MOVER/MRA,,,,,,,,,,2-4-8-35-102
UP/PID/MOVER/MRA,,,,,,,,,,2-4-35-102
UP/PID/PSE,,,,,,,,,,2-4-17
UP/PPA,,,,,,,,2-8,,
UP/PRE/UDC,,,63-10-5,,,,,,,
UP/PSE,,,,,,,,2-17,,2-17
UP/PSE/AVANZA,,,,,,,,,,2-17-8
UP/PSE/DSI,,,,,,,,,,2-17-20
UP/PSE/MJ,,,,,,,,2-17-70,,
UP/PSE/MOVER,,,,,,,,,,2-17-35
UP/PSE/MUPP,,,,,,,,,,2-17-18
UP/PSE/MUPP/MJ,,,,,,,,2-17-18-70,,
UP/PSE/MUPP/MPAIS/MJ,,,,,,,,2-17-18-35-70,,
UP/PSE/PLACA,,,,,,,,,,2-17-102
UP/PSE/RETO,,,,,,,,,,2-17-33
UP/PSP,,,,,,,,,,2-3
UP/PSP/MOVER,,,,,,,,,,2-3-35
UP/PSP/MPAIS/MOA,,,,,,,,2-3-35-61,,
UP/PSP/MUPP/MOVER,,,,,,,,,,2-3-18-35
UP/PSP/PID/AVANZA,,,,,,,,,,2-3-4-8
UP/PSP/PSE,,,,,,,,,,2-3-17
UP/RETO/MINGA/DSI,,,,,,,,,,2-33-103-20
UP/SIN SIGLAS,,,,,,,,,,2-104
UP/SUMA,,,,,,,,2-23,,2-23
UP/VISION,,,,,,,,,,2-104
UPD,,,,,73,,,,,101
UPI,42,,42,42,42,,,,,
UPI/MIFA,,,42-62,,,,,,,
UPM,,,,,,,,,,110
UPP,44,,,,,,,,,
UPSS,,,,72,72,,,,,
US,,102.0,,,,,,,,
USM,,,,,,,,,,106
USM/ID/AMIGO/CONSTRUYE/RETO,,,,,,,,,,106-12-16-25-33
UT,,,,,,,,,,102
UTP,,,,,80,,,,,
V,,,,,,,,,,67
V.E.P,,,,,,,,,,152
VB,,,,,,,,,,103
VB/AVANZA,,,,,,,,,,103-8
VB/UP,,,,,,,,,,103-2
VC,,,,,71,,,,,
VENCEMOS,,,,,,,,,,61
VINEGAL,,,,,103,,,,,
VISION,,,,,,,,,,104
VIVE,,,,,,,69,,,
VOZ,,,,73,73,,,,,
VV,,,,,72,,,,,
W.O.H,,,,,,,,,,103
XMSC,,,,,,,,,,103
Y.S.E.,,,,,,,,,,103
YC,,,,97,97,,,,,
YSE,,,,,28,,,,,
ZCEC,,,,62,62,,,,,
